/*
 Navicat Premium Data Transfer

 Source Server         : docker-mysql02
 Source Server Type    : MySQL
 Source Server Version : 80020
 Source Host           : localhost:3305
 Source Schema         : blog_v1

 Target Server Type    : MySQL
 Target Server Version : 80020
 File Encoding         : 65001

 Date: 01/06/2020 13:02:14
*/

SET NAMES utf8mb4;
SET FOREIGN_KEY_CHECKS = 0;

-- ----------------------------
-- Table structure for blog
-- ----------------------------
DROP TABLE IF EXISTS `blog`;
CREATE TABLE `blog` (
  `blog_id` bigint NOT NULL AUTO_INCREMENT COMMENT '博文ID',
  `user_id` bigint NOT NULL COMMENT '发表用户ID',
  `blog_status` int NOT NULL DEFAULT '6' COMMENT '博文状态',
  `blog_type` int NOT NULL DEFAULT '10' COMMENT '博问类型',
  `series_id` bigint DEFAULT '10' COMMENT '所属系列Id',
  `blog_title` varchar(500) CHARACTER SET utf8 COLLATE utf8_general_ci NOT NULL COMMENT '博文标题',
  `blog_content` longtext CHARACTER SET utf8 COLLATE utf8_general_ci COMMENT '博文内容',
  `blog_intro` varchar(300) CHARACTER SET utf8 COLLATE utf8_general_ci DEFAULT NULL COMMENT '博文简介',
  `blog_views` bigint NOT NULL DEFAULT '0' COMMENT '博文浏览量',
  `blog_comment_count` bigint NOT NULL DEFAULT '0' COMMENT '博文评论数',
  `blog_create_time` datetime NOT NULL COMMENT '发表日期',
  `blog_update_time` datetime NOT NULL COMMENT '最近更新日期',
  `blog_like_count` bigint NOT NULL DEFAULT '0' COMMENT '点赞数',
  `blog_media` varchar(255) DEFAULT NULL,
  `blog_tag` varchar(255) DEFAULT NULL,
  `blog_info` varchar(255) DEFAULT NULL,
  `blog_version` bigint NOT NULL DEFAULT '0' COMMENT '博文版本',
  `blog_popular` bigint DEFAULT NULL,
  PRIMARY KEY (`blog_id`) USING BTREE,
  KEY `user_id` (`user_id`)
) ENGINE=InnoDB AUTO_INCREMENT=177 DEFAULT CHARSET=utf8;

-- ----------------------------
-- Records of blog
-- ----------------------------
BEGIN;
INSERT INTO `blog` VALUES (150, 10, 4, 7, 13, '按缩放为高', 'W1RPQ10KCiMjIyMgRGlzYWJsZWQgb3B0aW9ucwoKLSBUZVggKEJhc2VkIG9uIEthVGVYKTsKLSBFbW9qaTsKLSBUYXNrIGxpc3RzOwotIEhUTUwgdGFncyBkZWNvZGU7Ci0gRmxvd2NoYXJ0IGFuZCBTZXF1ZW5jZSBEaWFncmFtOwoKIyMjIyBFZGl0b3IubWQgZGlyZWN0b3J5CgogICAgZWRpdG9yLm1kLwogICAgICAgICAgICBsaWIvCiAgICAgICAgICAgIGNzcy8KICAgICAgICAgICAgc2Nzcy8KICAgICAgICAgICAgdGVzdHMvCiAgICAgICAgICAgIGZvbnRzLwogICAgICAgICAgICBpbWFnZXMvCiAgICAgICAgICAgIHBsdWdpbnMvCiAgICAgICAgICAgIGV4YW1wbGVzLwogICAgICAgICAgICBsYW5ndWFnZXMvICAgICAKICAgICAgICAgICAgZWRpdG9ybWQuanMKICAgICAgICAgICAgLi4uCgpgYGBodG1sCjwhLS0gRW5nbGlzaCAtLT4KPHNjcmlwdCBzcmM9Ii4uL2Rpc3QvanMvbGFuZ3VhZ2VzL2VuLmpzIj48L3NjcmlwdD4KCjwhLS0g57mB6auU5Lit5paHIC0tPgo8c2NyaXB0IHNyYz0iLi4vZGlzdC9qcy9sYW5ndWFnZXMvemgtdHcuanMiPjwvc2NyaXB0PgpgYGAKW1RPQ10KCiMjIyMgRGlzYWJsZWQgb3B0aW9ucwoKLSBUZVggKEJhc2VkIG9uIEthVGVYKTsKLSBFbW9qaTsKLSBUYXNrIGxpc3RzOwotIEhUTUwgdGFncyBkZWNvZGU7Ci0gRmxvd2NoYXJ0IGFuZCBTZXF1ZW5jZSBEaWFncmFtOwoKIyMjIyBFZGl0b3IubWQgZGlyZWN0b3J5CgogICAgZWRpdG9yLm1kLwogICAgICAgICAgICBsaWIvCiAgICAgICAgICAgIGNzcy8KICAgICAgICAgICAgc2Nzcy8KICAgICAgICAgICAgdGVzdHMvCiAgICAgICAgICAgIGZvbnRzLwogICAgICAgICAgICBpbWFnZXMvCiAgICAgICAgICAgIHBsdWdpbnMvCiAgICAgICAgICAgIGV4YW1wbGVzLwogICAgICAgICAgICBsYW5ndWFnZXMvICAgICAKICAgICAgICAgICAgZWRpdG9ybWQuanMKICAgICAgICAgICAgLi4uCgpgYGBodG1sCjwhLS0gRW5nbGlzaCAtLT4KPHNjcmlwdCBzcmM9Ii4uL2Rpc3QvanMvbGFuZ3VhZ2VzL2VuLmpzIj48L3NjcmlwdD4KCjwhLS0g57mB6auU5Lit5paHIC0tPgo8c2NyaXB0IHNyYz0iLi4vZGlzdC9qcy9sYW5ndWFnZXMvemgtdHcuanMiPjwvc2NyaXB0PgpgYGAKW1RPQ10KCiMjIyMgRGlzYWJsZWQgb3B0aW9ucwoKLSBUZVggKEJhc2VkIG9uIEthVGVYKTsKLSBFbW9qaTsKLSBUYXNrIGxpc3RzOwotIEhUTUwgdGFncyBkZWNvZGU7Ci0gRmxvd2NoYXJ0IGFuZCBTZXF1ZW5jZSBEaWFncmFtOwoKIyMjIyBFZGl0b3IubWQgZGlyZWN0b3J5CgogICAgZWRpdG9yLm1kLwogICAgICAgICAgICBsaWIvCiAgICAgICAgICAgIGNzcy8KICAgICAgICAgICAgc2Nzcy8KICAgICAgICAgICAgdGVzdHMvCiAgICAgICAgICAgIGZvbnRzLwogICAgICAgICAgICBpbWFnZXMvCiAgICAgICAgICAgIHBsdWdpbnMvCiAgICAgICAgICAgIGV4YW1wbGVzLwogICAgICAgICAgICBsYW5ndWFnZXMvICAgICAKICAgICAgICAgICAgZWRpdG9ybWQuanMKICAgICAgICAgICAgLi4uCgpgYGBodG1sCjwhLS0gRW5nbGlzaCAtLT4KPHNjcmlwdCBzcmM9Ii4uL2Rpc3QvanMvbGFuZ3VhZ2VzL2VuLmpzIj48L3NjcmlwdD4KCjwhLS0g57mB6auU5Lit5paHIC0tPgo8c2NyaXB0IHNyYz0iLi4vZGlzdC9qcy9sYW5ndWFnZXMvemgtdHcuanMiPjwvc2NyaXB0PgpgYGA=', '热火为人父', 0, 0, '2020-04-25 01:29:22', '2020-04-29 04:09:34', 0, NULL, NULL, NULL, 1, NULL);
INSERT INTO `blog` VALUES (151, 10, 6, 2, 13, '安慰感染肝', 'W1RPQ10KCiMjIyMgRGlzYWJsZWQgb3B0aW9ucwoKLSBUZVggKEJhc2VkIG9uIEthVGVYKTsKLSBFbW9qaTsKLSBUYXNrIGxpc3RzOwotIEhUTUwgdGFncyBkZWNvZGU7Ci0gRmxvd2NoYXJ0IGFuZCBTZXF1ZW5jZSBEaWFncmFtOwoKIyMjIyBFZGl0b3IubWQgZGlyZWN0b3J5CgogICAgZWRpdG9yLm1kLwogICAgICAgICAgICBsaWIvCiAgICAgICAgICAgIGNzcy8KICAgICAgICAgICAgc2Nzcy8KICAgICAgICAgICAgdGVzdHMvCiAgICAgICAgICAgIGZvbnRzLwogICAgICAgICAgICBpbWFnZXMvCiAgICAgICAgICAgIHBsdWdpbnMvCiAgICAgICAgICAgIGV4YW1wbGVzLwogICAgICAgICAgICBsYW5ndWFnZXMvICAgICAKICAgICAgICAgICAgZWRpdG9ybWQuanMKICAgICAgICAgICAgLi4uCgpgYGBodG1sCjwhLS0gRW5nbGlzaCAtLT4KPHNjcmlwdCBzcmM9Ii4uL2Rpc3QvanMvbGFuZ3VhZ2VzL2VuLmpzIj48L3NjcmlwdD4KCjwhLS0g57mB6auU5Lit5paHIC0tPgo8c2NyaXB0IHNyYz0iLi4vZGlzdC9qcy9sYW5ndWFnZXMvemgtdHcuanMiPjwvc2NyaXB0PgpgYGAKW1RPQ10KCiMjIyMgRGlzYWJsZWQgb3B0aW9ucwoKLSBUZVggKEJhc2VkIG9uIEthVGVYKTsKLSBFbW9qaTsKLSBUYXNrIGxpc3RzOwotIEhUTUwgdGFncyBkZWNvZGU7Ci0gRmxvd2NoYXJ0IGFuZCBTZXF1ZW5jZSBEaWFncmFtOwoKIyMjIyBFZGl0b3IubWQgZGlyZWN0b3J5CgogICAgZWRpdG9yLm1kLwogICAgICAgICAgICBsaWIvCiAgICAgICAgICAgIGNzcy8KICAgICAgICAgICAgc2Nzcy8KICAgICAgICAgICAgdGVzdHMvCiAgICAgICAgICAgIGZvbnRzLwogICAgICAgICAgICBpbWFnZXMvCiAgICAgICAgICAgIHBsdWdpbnMvCiAgICAgICAgICAgIGV4YW1wbGVzLwogICAgICAgICAgICBsYW5ndWFnZXMvICAgICAKICAgICAgICAgICAgZWRpdG9ybWQuanMKICAgICAgICAgICAgLi4uCgpgYGBodG1sCjwhLS0gRW5nbGlzaCAtLT4KPHNjcmlwdCBzcmM9Ii4uL2Rpc3QvanMvbGFuZ3VhZ2VzL2VuLmpzIj48L3NjcmlwdD4KCjwhLS0g57mB6auU5Lit5paHIC0tPgo8c2NyaXB0IHNyYz0iLi4vZGlzdC9qcy9sYW5ndWFnZXMvemgtdHcuanMiPjwvc2NyaXB0PgpgYGAKW1RPQ10KCiMjIyMgRGlzYWJsZWQgb3B0aW9ucwoKLSBUZVggKEJhc2VkIG9uIEthVGVYKTsKLSBFbW9qaTsKLSBUYXNrIGxpc3RzOwotIEhUTUwgdGFncyBkZWNvZGU7Ci0gRmxvd2NoYXJ0IGFuZCBTZXF1ZW5jZSBEaWFncmFtOwoKIyMjIyBFZGl0b3IubWQgZGlyZWN0b3J5CgogICAgZWRpdG9yLm1kLwogICAgICAgICAgICBsaWIvCiAgICAgICAgICAgIGNzcy8KICAgICAgICAgICAgc2Nzcy8KICAgICAgICAgICAgdGVzdHMvCiAgICAgICAgICAgIGZvbnRzLwogICAgICAgICAgICBpbWFnZXMvCiAgICAgICAgICAgIHBsdWdpbnMvCiAgICAgICAgICAgIGV4YW1wbGVzLwogICAgICAgICAgICBsYW5ndWFnZXMvICAgICAKICAgICAgICAgICAgZWRpdG9ybWQuanMKICAgICAgICAgICAgLi4uCgpgYGBodG1sCjwhLS0gRW5nbGlzaCAtLT4KPHNjcmlwdCBzcmM9Ii4uL2Rpc3QvanMvbGFuZ3VhZ2VzL2VuLmpzIj48L3NjcmlwdD4KCjwhLS0g57mB6auU5Lit5paHIC0tPgo8c2NyaXB0IHNyYz0iLi4vZGlzdC9qcy9sYW5ndWFnZXMvemgtdHcuanMiPjwvc2NyaXB0PgpgYGA=', '特为', 7, 0, '2020-04-25 01:29:48', '2020-04-29 04:09:34', 2, NULL, NULL, NULL, 0, NULL);
INSERT INTO `blog` VALUES (153, 10, 6, 3, 13, '人傻升格为', 'W1RPQ10KCiMjIyMgRGlzYWJsZWQgb3B0aW9ucwoKLSBUZVggKEJhc2VkIG9uIEthVGVYKTsKLSBFbW9qaTsKLSBUYXNrIGxpc3RzOwotIEhUTUwgdGFncyBkZWNvZGU7Ci0gRmxvd2NoYXJ0IGFuZCBTZXF1ZW5jZSBEaWFncmFtOwoKIyMjIyBFZGl0b3IubWQgZGlyZWN0b3J5CgogICAgZWRpdG9yLm1kLwogICAgICAgICAgICBsaWIvCiAgICAgICAgICAgIGNzcy8KICAgICAgICAgICAgc2Nzcy8KICAgICAgICAgICAgdGVzdHMvCiAgICAgICAgICAgIGZvbnRzLwogICAgICAgICAgICBpbWFnZXMvCiAgICAgICAgICAgIHBsdWdpbnMvCiAgICAgICAgICAgIGV4YW1wbGVzLwogICAgICAgICAgICBsYW5ndWFnZXMvICAgICAKICAgICAgICAgICAgZWRpdG9ybWQuanMKICAgICAgICAgICAgLi4uCgpgYGBodG1sCjwhLS0gRW5nbGlzaCAtLT4KPHNjcmlwdCBzcmM9Ii4uL2Rpc3QvanMvbGFuZ3VhZ2VzL2VuLmpzIj48L3NjcmlwdD4KCjwhLS0g57mB6auU5Lit5paHIC0tPgo8c2NyaXB0IHNyYz0iLi4vZGlzdC9qcy9sYW5ndWFnZXMvemgtdHcuanMiPjwvc2NyaXB0PgpgYGAKW1RPQ10KCiMjIyMgRGlzYWJsZWQgb3B0aW9ucwoKLSBUZVggKEJhc2VkIG9uIEthVGVYKTsKLSBFbW9qaTsKLSBUYXNrIGxpc3RzOwotIEhUTUwgdGFncyBkZWNvZGU7Ci0gRmxvd2NoYXJ0IGFuZCBTZXF1ZW5jZSBEaWFncmFtOwoKIyMjIyBFZGl0b3IubWQgZGlyZWN0b3J5CgogICAgZWRpdG9yLm1kLwogICAgICAgICAgICBsaWIvCiAgICAgICAgICAgIGNzcy8KICAgICAgICAgICAgc2Nzcy8KICAgICAgICAgICAgdGVzdHMvCiAgICAgICAgICAgIGZvbnRzLwogICAgICAgICAgICBpbWFnZXMvCiAgICAgICAgICAgIHBsdWdpbnMvCiAgICAgICAgICAgIGV4YW1wbGVzLwogICAgICAgICAgICBsYW5ndWFnZXMvICAgICAKICAgICAgICAgICAgZWRpdG9ybWQuanMKICAgICAgICAgICAgLi4uCgpgYGBodG1sCjwhLS0gRW5nbGlzaCAtLT4KPHNjcmlwdCBzcmM9Ii4uL2Rpc3QvanMvbGFuZ3VhZ2VzL2VuLmpzIj48L3NjcmlwdD4KCjwhLS0g57mB6auU5Lit5paHIC0tPgo8c2NyaXB0IHNyYz0iLi4vZGlzdC9qcy9sYW5ndWFnZXMvemgtdHcuanMiPjwvc2NyaXB0PgpgYGA=', '艾尔八嘎的', 10, 0, '2020-04-25 01:31:45', '2020-04-29 04:09:34', 3, NULL, NULL, NULL, 1, NULL);
INSERT INTO `blog` VALUES (154, 10, 6, 6, 13, '突然就东方故事', 'W1RPQ10KCiMjIyMgRGlzYWJsZWQgb3B0aW9ucwoKLSBUZVggKEJhc2VkIG9uIEthVGVYKTsKLSBFbW9qaTsKLSBUYXNrIGxpc3RzOwotIEhUTUwgdGFncyBkZWNvZGU7Ci0gRmxvd2NoYXJ0IGFuZCBTZXF1ZW5jZSBEaWFncmFtOwoKIyMjIyBFZGl0b3IubWQgZGlyZWN0b3J5CgogICAgZWRpdG9yLm1kLwogICAgICAgICAgICBsaWIvCiAgICAgICAgICAgIGNzcy8KICAgICAgICAgICAgc2Nzcy8KICAgICAgICAgICAgdGVzdHMvCiAgICAgICAgICAgIGZvbnRzLwogICAgICAgICAgICBpbWFnZXMvCiAgICAgICAgICAgIHBsdWdpbnMvCiAgICAgICAgICAgIGV4YW1wbGVzLwogICAgICAgICAgICBsYW5ndWFnZXMvICAgICAKICAgICAgICAgICAgZWRpdG9ybWQuanMKICAgICAgICAgICAgLi4uCgpgYGBodG1sCjwhLS0gRW5nbGlzaCAtLT4KPHNjcmlwdCBzcmM9Ii4uL2Rpc3QvanMvbGFuZ3VhZ2VzL2VuLmpzIj48L3NjcmlwdD4KCjwhLS0g57mB6auU5Lit5paHIC0tPgo8c2NyaXB0IHNyYz0iLi4vZGlzdC9qcy9sYW5ndWFnZXMvemgtdHcuanMiPjwvc2NyaXB0PgpgYGAKW1RPQ10KCiMjIyMgRGlzYWJsZWQgb3B0aW9ucwoKLSBUZVggKEJhc2VkIG9uIEthVGVYKTsKLSBFbW9qaTsKLSBUYXNrIGxpc3RzOwotIEhUTUwgdGFncyBkZWNvZGU7Ci0gRmxvd2NoYXJ0IGFuZCBTZXF1ZW5jZSBEaWFncmFtOwoKIyMjIyBFZGl0b3IubWQgZGlyZWN0b3J5CgogICAgZWRpdG9yLm1kLwogICAgICAgICAgICBsaWIvCiAgICAgICAgICAgIGNzcy8KICAgICAgICAgICAgc2Nzcy8KICAgICAgICAgICAgdGVzdHMvCiAgICAgICAgICAgIGZvbnRzLwogICAgICAgICAgICBpbWFnZXMvCiAgICAgICAgICAgIHBsdWdpbnMvCiAgICAgICAgICAgIGV4YW1wbGVzLwogICAgICAgICAgICBsYW5ndWFnZXMvICAgICAKICAgICAgICAgICAgZWRpdG9ybWQuanMKICAgICAgICAgICAgLi4uCgpgYGBodG1sCjwhLS0gRW5nbGlzaCAtLT4KPHNjcmlwdCBzcmM9Ii4uL2Rpc3QvanMvbGFuZ3VhZ2VzL2VuLmpzIj48L3NjcmlwdD4KCjwhLS0g57mB6auU5Lit5paHIC0tPgo8c2NyaXB0IHNyYz0iLi4vZGlzdC9qcy9sYW5ndWFnZXMvemgtdHcuanMiPjwvc2NyaXB0PgpgYGA=', '投入和思维方式', 0, 0, '2020-04-25 01:32:08', '2020-04-29 04:09:34', 0, NULL, NULL, NULL, 1, NULL);
INSERT INTO `blog` VALUES (155, 10, 6, 10, 13, '而华为发射', 'W1RPQ10KCiMjIyMgRGlzYWJsZWQgb3B0aW9ucwoKLSBUZVggKEJhc2VkIG9uIEthVGVYKTsKLSBFbW9qaTsKLSBUYXNrIGxpc3RzOwotIEhUTUwgdGFncyBkZWNvZGU7Ci0gRmxvd2NoYXJ0IGFuZCBTZXF1ZW5jZSBEaWFncmFtOwoKIyMjIyBFZGl0b3IubWQgZGlyZWN0b3J5CgogICAgZWRpdG9yLm1kLwogICAgICAgICAgICBsaWIvCiAgICAgICAgICAgIGNzcy8KICAgICAgICAgICAgc2Nzcy8KICAgICAgICAgICAgdGVzdHMvCiAgICAgICAgICAgIGZvbnRzLwogICAgICAgICAgICBpbWFnZXMvCiAgICAgICAgICAgIHBsdWdpbnMvCiAgICAgICAgICAgIGV4YW1wbGVzLwogICAgICAgICAgICBsYW5ndWFnZXMvICAgICAKICAgICAgICAgICAgZWRpdG9ybWQuanMKICAgICAgICAgICAgLi4uCgpgYGBodG1sCjwhLS0gRW5nbGlzaCAtLT4KPHNjcmlwdCBzcmM9Ii4uL2Rpc3QvanMvbGFuZ3VhZ2VzL2VuLmpzIj48L3NjcmlwdD4KCjwhLS0g57mB6auU5Lit5paHIC0tPgo8c2NyaXB0IHNyYz0iLi4vZGlzdC9qcy9sYW5ndWFnZXMvemgtdHcuanMiPjwvc2NyaXB0PgpgYGAKW1RPQ10KCiMjIyMgRGlzYWJsZWQgb3B0aW9ucwoKLSBUZVggKEJhc2VkIG9uIEthVGVYKTsKLSBFbW9qaTsKLSBUYXNrIGxpc3RzOwotIEhUTUwgdGFncyBkZWNvZGU7Ci0gRmxvd2NoYXJ0IGFuZCBTZXF1ZW5jZSBEaWFncmFtOwoKIyMjIyBFZGl0b3IubWQgZGlyZWN0b3J5CgogICAgZWRpdG9yLm1kLwogICAgICAgICAgICBsaWIvCiAgICAgICAgICAgIGNzcy8KICAgICAgICAgICAgc2Nzcy8KICAgICAgICAgICAgdGVzdHMvCiAgICAgICAgICAgIGZvbnRzLwogICAgICAgICAgICBpbWFnZXMvCiAgICAgICAgICAgIHBsdWdpbnMvCiAgICAgICAgICAgIGV4YW1wbGVzLwogICAgICAgICAgICBsYW5ndWFnZXMvICAgICAKICAgICAgICAgICAgZWRpdG9ybWQuanMKICAgICAgICAgICAgLi4uCgpgYGBodG1sCjwhLS0gRW5nbGlzaCAtLT4KPHNjcmlwdCBzcmM9Ii4uL2Rpc3QvanMvbGFuZ3VhZ2VzL2VuLmpzIj48L3NjcmlwdD4KCjwhLS0g57mB6auU5Lit5paHIC0tPgo8c2NyaXB0IHNyYz0iLi4vZGlzdC9qcy9sYW5ndWFnZXMvemgtdHcuanMiPjwvc2NyaXB0PgpgYGA=', '未确认群无', 2, 0, '2020-04-25 01:33:50', '2020-04-29 04:09:34', 0, NULL, NULL, NULL, 1, NULL);
INSERT INTO `blog` VALUES (156, 10, 6, 35, 13, '矮个人韦尔奇', 'W1RPQ10KCiMjIyMgRGlzYWJsZWQgb3B0aW9ucwoKLSBUZVggKEJhc2VkIG9uIEthVGVYKTsKLSBFbW9qaTsKLSBUYXNrIGxpc3RzOwotIEhUTUwgdGFncyBkZWNvZGU7Ci0gRmxvd2NoYXJ0IGFuZCBTZXF1ZW5jZSBEaWFncmFtOwoKIyMjIyBFZGl0b3IubWQgZGlyZWN0b3J5CgogICAgZWRpdG9yLm1kLwogICAgICAgICAgICBsaWIvCiAgICAgICAgICAgIGNzcy8KICAgICAgICAgICAgc2Nzcy8KICAgICAgICAgICAgdGVzdHMvCiAgICAgICAgICAgIGZvbnRzLwogICAgICAgICAgICBpbWFnZXMvCiAgICAgICAgICAgIHBsdWdpbnMvCiAgICAgICAgICAgIGV4YW1wbGVzLwogICAgICAgICAgICBsYW5ndWFnZXMvICAgICAKICAgICAgICAgICAgZWRpdG9ybWQuanMKICAgICAgICAgICAgLi4uCgpgYGBodG1sCjwhLS0gRW5nbGlzaCAtLT4KPHNjcmlwdCBzcmM9Ii4uL2Rpc3QvanMvbGFuZ3VhZ2VzL2VuLmpzIj48L3NjcmlwdD4KCjwhLS0g57mB6auU5Lit5paHIC0tPgo8c2NyaXB0IHNyYz0iLi4vZGlzdC9qcy9sYW5ndWFnZXMvemgtdHcuanMiPjwvc2NyaXB0PgpgYGAKW1RPQ10KCiMjIyMgRGlzYWJsZWQgb3B0aW9ucwoKLSBUZVggKEJhc2VkIG9uIEthVGVYKTsKLSBFbW9qaTsKLSBUYXNrIGxpc3RzOwotIEhUTUwgdGFncyBkZWNvZGU7Ci0gRmxvd2NoYXJ0IGFuZCBTZXF1ZW5jZSBEaWFncmFtOwoKCiFbXShodHRwOi8vbG9jYWxob3N0OjgwODAvZmlsZS9pbWFnZS82NCkKCiMjIyMgRWRpdG9yLm1kIGRpcmVjdG9yeQoKICAgIGVkaXRvci5tZC8KICAgICAgICAgICAgbGliLwogICAgICAgICAgICBjc3MvCiAgICAgICAgICAgIHNjc3MvCiAgICAgICAgICAgIHRlc3RzLwogICAgICAgICAgICBmb250cy8KICAgICAgICAgICAgaW1hZ2VzLwogICAgICAgICAgICBwbHVnaW5zLwogICAgICAgICAgICBleGFtcGxlcy8KICAgICAgICAgICAgbGFuZ3VhZ2VzLyAgICAgCiAgICAgICAgICAgIGVkaXRvcm1kLmpzCiAgICAgICAgICAgIC4uLgoKYGBgaHRtbAo8IS0tIEVuZ2xpc2ggLS0+CjxzY3JpcHQgc3JjPSIuLi9kaXN0L2pzL2xhbmd1YWdlcy9lbi5qcyI+PC9zY3JpcHQ+Cgo8IS0tIOe5gemrlOS4reaWhyAtLT4KPHNjcmlwdCBzcmM9Ii4uL2Rpc3QvanMvbGFuZ3VhZ2VzL3poLXR3LmpzIj48L3NjcmlwdD4KYGBg', '矮个人韦尔奇矮个人韦尔奇', 0, 0, '2020-04-25 04:46:01', '2020-04-29 04:09:34', 0, NULL, NULL, NULL, 3, NULL);
INSERT INTO `blog` VALUES (157, 10, 6, 36, 13, '同一天乳液', 'W1RPQ10KCiMjIyMgRGlzYWJsZWQgb3B0aW9ucwoKLSBUZVggKEJhc2VkIG9uIEthVGVYKTsKLSBFbW9qaTsKLSBUYXNrIGxpc3RzOwotIEhUTUwgdGFncyBkZWNvZGU7Ci0gRmxvd2NoYXJ0IGFuZCBTZXF1ZW5jZSBEaWFncmFtOwohW10oaHR0cDovL2xvY2FsaG9zdDo4MDgwL2ZpbGUvaW1hZ2UvNjEpCiMjIyMgRWRpdG9yLm1kIGRpcmVjdG9yeQoKICAgIGVkaXRvci5tZC8KICAgICAgICAgICAgbGliLwogICAgICAgICAgICBjc3MvCiAgICAgICAgICAgIHNjc3MvCiAgICAgICAgICAgIHRlc3RzLwogICAgICAgICAgICBmb250cy8KICAgICAgICAgICAgaW1hZ2VzLwogICAgICAgICAgICBwbHVnaW5zLwogICAgICAgICAgICBleGFtcGxlcy8KICAgICAgICAgICAgbGFuZ3VhZ2VzLyAgICAgCiAgICAgICAgICAgIGVkaXRvcm1kLmpzCiAgICAgICAgICAgIC4uLgoKYGBgaHRtbAo8IS0tIEVuZ2xpc2ggLS0+CjxzY3JpcHQgc3JjPSIuLi9kaXN0L2pzL2xhbmd1YWdlcy9lbi5qcyI+PC9zY3JpcHQ+Cgo8IS0tIOe5gemrlOS4reaWhyAtLT4KPHNjcmlwdCBzcmM9Ii4uL2Rpc3QvanMvbGFuZ3VhZ2VzL3poLXR3LmpzIj48L3NjcmlwdD4KYGBgCltUT0NdCgojIyMjIERpc2FibGVkIG9wdGlvbnMKCi0gVGVYIChCYXNlZCBvbiBLYVRlWCk7Ci0gRW1vamk7Ci0gVGFzayBsaXN0czsKLSBIVE1MIHRhZ3MgZGVjb2RlOwotIEZsb3djaGFydCBhbmQgU2VxdWVuY2UgRGlhZ3JhbTsKCiMjIyMgRWRpdG9yLm1kIGRpcmVjdG9yeQoKICAgIGVkaXRvci5tZC8KICAgICAgICAgICAgbGliLwogICAgICAgICAgICBjc3MvCiAgICAgICAgICAgIHNjc3MvCiAgICAgICAgICAgIHRlc3RzLwogICAgICAgICAgICBmb250cy8KICAgICAgICAgICAgaW1hZ2VzLwogICAgICAgICAgICBwbHVnaW5zLwogICAgICAgICAgICBleGFtcGxlcy8KICAgICAgICAgICAgbGFuZ3VhZ2VzLyAgICAgCiAgICAgICAgICAgIGVkaXRvcm1kLmpzCiAgICAgICAgICAgIC4uLgoKYGBgaHRtbAo8IS0tIEVuZ2xpc2ggLS0+CjxzY3JpcHQgc3JjPSIuLi9kaXN0L2pzL2xhbmd1YWdlcy9lbi5qcyI+PC9zY3JpcHQ+Cgo8IS0tIOe5gemrlOS4reaWhyAtLT4KPHNjcmlwdCBzcmM9Ii4uL2Rpc3QvanMvbGFuZ3VhZ2VzL3poLXR3LmpzIj48L3NjcmlwdD4KYGBg', '同一天乳液', 11, 0, '2020-04-25 04:46:29', '2020-04-29 04:09:34', 1, NULL, NULL, NULL, 5, NULL);
INSERT INTO `blog` VALUES (160, 10, 6, 10, 13, '反反复复g反反复复g反反复复g', NULL, '反反复复g反反复复g反反复复g', 0, 0, '2020-04-26 12:46:54', '2020-04-29 04:09:34', 0, NULL, NULL, NULL, 0, NULL);
INSERT INTO `blog` VALUES (162, 10, 4, 10, 7, 'vvvz', NULL, '28日28日', 0, 0, '2020-04-27 13:31:31', '2020-04-29 03:48:14', 0, NULL, NULL, NULL, 0, NULL);
INSERT INTO `blog` VALUES (166, 12, 4, 10, 48, '嘎达广告哥', 'W1RPQ10KCiMjIyBUaGVtZXMKCiMjIyMgU2V0dGluZwohW10oaHR0cDovL2xvY2FsaG9zdDo4MDgyL2ZpbGUvaW1hZ2UvNzUpCmNvbmZpZ3M6CgpgYGBqYXZhc2NyaXB0CnsKICAgIC8vIEVkaXRvci5tZCB0aGVtZSwgZGVmYXVsdCBvciBkYXJrLCBjaGFuZ2UgYXQgdjEuNS4wCiAgICAvLyBZb3UgY2FuIGFsc28gY3VzdG9tIGNzcyBjbGFzcyAuZWRpdG9ybWQtdGhlbWUteHh4eAogICAgdGhlbWUgOiAiZGVmYXVsdCB8IGRhcmsiLAoKICAgIC8vIFByZXZpZXcgY29udGFpbmVyIHRoZW1lLCBhZGRlZCB2MS41LjAKICAgIC8vIFlvdSBjYW4gYWxzbyBjdXN0b20gY3NzIGNsYXNzIC5lZGl0b3JtZC1wcmV2aWV3LXRoZW1lLXh4eHgKICAgIHByZXZpZXdUaGVtZSA6ICJkZWZhdWx0IHwgZGFyayIsCgogICAgLy8gQWRkZWQgQHYxLjUuMCAmIGFmdGVyIHZlcnNpb24gdGhpcyBpcyBDb2RlTWlycm9yIChlZGl0b3IgYXJlYSkgdGhlbWUKICAgIGVkaXRvclRoZW1lIDogZWRpdG9ybWQuZWRpdG9yVGhlbWVzWyd0aGVtZS1uYW1lJ10KfQpgYGAKCmZ1bmN0aW9uczoKCmBgYGphdmFzY3JpcHQKZWRpdG9yLnNldFRoZW1lKCd0aGVtZS1uYW1lJyk7CmVkaXRvci5zZXRFZGl0b3JUaGVtZSgndGhlbWUtbmFtZScpOwplZGl0b3Iuc2V0UHJldmlld1RoZW1lKCd0aGVtZS1uYW1lJyk7CmBgYAoKIyMjIyBEZWZhdWx0IHRoZW1lCgotIEVkaXRvci5tZCB0aGVtZSA6IGBkZWZhdWx0YAotIFByZXZpZXcgYXJlYSB0aGVtZSA6IGBkZWZhdWx0YAotIEVkaXRvciBhcmVhIHRoZW1lIDogYGRlZmF1bHRgCgo+IFJlY29tbWVuZCBgZGFya2AgdGhlbWUuCgojIyMjIFJlY29tbWVuZCBlZGl0b3IgYXJlYSB0aGVtZXMKCi0gYW1iaWFuY2UKLSBlY2xpcHNlCi0gbWRuLWxpa2UKLSBtYm8KLSBtb25va2FpCi0gbmVhdAotIHBhc3RlbC1vbi1kYXJrCgojIyMjIEVkaXRvciBhcmVhIHRoZW1lcwoKLSBkZWZhdWx0Ci0gMzAyNC1kYXkKLSAzMDI0LW5pZ2h0Ci0gYW1iaWFuY2UKLSBhbWJpYW5jZS1tb2JpbGUKLSBiYXNlMTYtZGFyawotIGJhc2UxNi1saWdodAotIGJsYWNrYm9hcmQKLSBjb2JhbHQKLSBlY2xpcHNlCi0gZWxlZ2FudAotIGVybGFuZy1kYXJrCi0gbGVzc2VyLWRhcmsKLSBtYm8KLSBtZG4tbGlrZQotIG1pZG5pZ2h0Ci0gbW9ub2thaQotIG5lYXQKLSBuZW8KLSBuaWdodAotIHBhcmFpc28tZGFyawotIHBhcmFpc28tbGlnaHQKLSBwYXN0ZWwtb24tZGFyawotIHJ1YnlibHVlCi0gc29sYXJpemVkCi0gdGhlLW1hdHJpeAotIHRvbW9ycm93LW5pZ2h0LWVpZ2h0aWVzCi0gdHdpbGlnaHQKLSB2aWJyYW50LWluawotIHhxLWRhcmsKLSB4cS1saWdodA==', '嘎达完全哇嘎', 1, 0, '2020-05-28 01:08:15', '2020-05-28 04:28:29', 0, NULL, NULL, NULL, 4, NULL);
INSERT INTO `blog` VALUES (168, 10, 4, 10, 10, '和红烧冬瓜', NULL, '而环卫工人', 0, 0, '2020-05-28 04:27:27', '2020-05-28 04:27:27', 0, NULL, NULL, NULL, 0, NULL);
INSERT INTO `blog` VALUES (169, 12, 4, 5, 8, '阿斯达', NULL, '爱我去多', 0, 0, '2020-05-28 04:27:55', '2020-05-28 04:27:55', 0, NULL, NULL, NULL, 0, NULL);
INSERT INTO `blog` VALUES (170, 10, 4, 10, 10, '刚核发地', NULL, '侯林远侯林远', 0, 0, '2020-05-28 04:31:05', '2020-05-28 04:31:05', 0, NULL, NULL, NULL, 0, NULL);
INSERT INTO `blog` VALUES (171, 10, 4, 10, 10, '阿瓦达', NULL, '阿瓦达阿瓦达阿瓦达', 0, 0, '2020-05-28 04:34:04', '2020-05-28 04:34:04', 0, NULL, NULL, NULL, 0, NULL);
INSERT INTO `blog` VALUES (172, 10, 4, 35, 31, '发送到的', 'W1RPQ10KCiMjIyMgRGlzYWJsZWQgb3B0aW9ucwoKLSBUZVggKEJhc2VkIG9uIEthVGVYKTsKLSBFbW9qaTsKLSBUYXNrIGxpc3RzOwotIEhUTUwgdGFncyBkZWNvZGU7Ci0gRmxvd2NoYXJ0IGFuZCBTZXF1ZW5jZSBEaWFncmFtOwoKIyMjIyBFZGl0b3IubWQgZGlyZWN0b3J5CgogICAgZWRpdG9yLm1kLwogICAgICAgICAgICBsaWIvCiAgICAgICAgICAgIGNzcy8KICAgICAgICAgICAgc2Nzcy8KICAgICAgICAgICAgdGVzdHMvCiAgICAgICAgICAgIGZvbnRzLwogICAgICAgICAgICBpbWFnZXMvCiAgICAgICAgICAgIHBsdWdpbnMvCiAgICAgICAgICAgIGV4YW1wbGVzLwogICAgICAgICAgICBsYW5ndWFnZXMvICAgICAKICAgICAgICAgICAgZWRpdG9ybWQuanMKICAgICAgICAgICAgLi4uCgpgYGBodG1sCjwhLS0gRW5nbGlzaCAtLT4KPHNjcmlwdCBzcmM9Ii4uL2Rpc3QvanMvbGFuZ3VhZ2VzL2VuLmpzIj48L3NjcmlwdD4KCjwhLS0g57mB6auU5Lit5paHIC0tPgo8c2NyaXB0IHNyYz0iLi4vZGlzdC9qcy9sYW5ndWFnZXMvemgtdHcuanMiPjwvc2NyaXB0PgpgYGAKW1RPQ10KCiMjIyMgRGlzYWJsZWQgb3B0aW9ucwoKLSBUZVggKEJhc2VkIG9uIEthVGVYKTsKLSBFbW9qaTsKLSBUYXNrIGxpc3RzOwotIEhUTUwgdGFncyBkZWNvZGU7Ci0gRmxvd2NoYXJ0IGFuZCBTZXF1ZW5jZSBEaWFncmFtOwoKIyMjIyBFZGl0b3IubWQgZGlyZWN0b3J5CgogICAgZWRpdG9yLm1kLwogICAgICAgICAgICBsaWIvCiAgICAgICAgICAgIGNzcy8KICAgICAgICAgICAgc2Nzcy8KICAgICAgICAgICAgdGVzdHMvCiAgICAgICAgICAgIGZvbnRzLwogICAgICAgICAgICBpbWFnZXMvCiAgICAgICAgICAgIHBsdWdpbnMvCiAgICAgICAgICAgIGV4YW1wbGVzLwogICAgICAgICAgICBsYW5ndWFnZXMvICAgICAKICAgICAgICAgICAgZWRpdG9ybWQuanMKICAgICAgICAgICAgLi4uCgpgYGBodG1sCjwhLS0gRW5nbGlzaCAtLT4KPHNjcmlwdCBzcmM9Ii4uL2Rpc3QvanMvbGFuZ3VhZ2VzL2VuLmpzIj48L3NjcmlwdD4KCjwhLS0g57mB6auU5Lit5paHIC0tPgo8c2NyaXB0IHNyYz0iLi4vZGlzdC9qcy9sYW5ndWFnZXMvemgtdHcuanMiPjwvc2NyaXB0PgpgYGA=', '无穷大多', 0, 0, '2020-05-28 04:54:58', '2020-05-28 04:54:58', 0, NULL, NULL, NULL, 0, NULL);
INSERT INTO `blog` VALUES (173, 10, 4, 32, 25, '侯侯林远侯林远侯林远', 'W1RPQ10KCiMjIyMgRGlzYWJsZWQgb3B0aW9ucwoKLSBUZVggKEJhc2VkIG9uIEthVGVYKTsKLSBFbW9qaTsKLSBUYXNrIGxpc3RzOwotIEhUTUwgdGFncyBkZWNvZGU7Ci0gRmxvd2NoYXJ0IGFuZCBTZXF1ZW5jZSBEaWFncmFtOwoKIyMjIyBFZGl0b3IubWQgZGlyZWN0b3J5CgogICAgZWRpdG9yLm1kLwogICAgICAgICAgICBsaWIvCiAgICAgICAgICAgIGNzcy8KICAgICAgICAgICAgc2Nzcy8KICAgICAgICAgICAgdGVzdHMvCiAgICAgICAgICAgIGZvbnRzLwogICAgICAgICAgICBpbWFnZXMvCiAgICAgICAgICAgIHBsdWdpbnMvCiAgICAgICAgICAgIGV4YW1wbGVzLwogICAgICAgICAgICBsYW5ndWFnZXMvICAgICAKICAgICAgICAgICAgZWRpdG9ybWQuanMKICAgICAgICAgICAgLi4uCgpgYGBodG1sCjwhLS0gRW5nbGlzaCAtLT4KPHNjcmlwdCBzcmM9Ii4uL2Rpc3QvanMvbGFuZ3VhZ2VzL2VuLmpzIj48L3NjcmlwdD4KCjwhLS0g57mB6auU5Lit5paHIC0tPgo8c2NyaXB0IHNyYz0iLi4vZGlzdC9qcy9sYW5ndWFnZXMvemgtdHcuanMiPjwvc2NyaXB0PgpgYGAKW1RPQ10KCiMjIyMgRGlzYWJsZWQgb3B0aW9ucwoKLSBUZVggKEJhc2VkIG9uIEthVGVYKTsKLSBFbW9qaTsKLSBUYXNrIGxpc3RzOwotIEhUTUwgdGFncyBkZWNvZGU7Ci0gRmxvd2NoYXJ0IGFuZCBTZXF1ZW5jZSBEaWFncmFtOwoKIyMjIyBFZGl0b3IubWQgZGlyZWN0b3J5CgogICAgZWRpdG9yLm1kLwogICAgICAgICAgICBsaWIvCiAgICAgICAgICAgIGNzcy8KICAgICAgICAgICAgc2Nzcy8KICAgICAgICAgICAgdGVzdHMvCiAgICAgICAgICAgIGZvbnRzLwogICAgICAgICAgICBpbWFnZXMvCiAgICAgICAgICAgIHBsdWdpbnMvCiAgICAgICAgICAgIGV4YW1wbGVzLwogICAgICAgICAgICBsYW5ndWFnZXMvICAgICAKICAgICAgICAgICAgZWRpdG9ybWQuanMKICAgICAgICAgICAgLi4uCgpgYGBodG1sCjwhLS0gRW5nbGlzaCAtLT4KPHNjcmlwdCBzcmM9Ii4uL2Rpc3QvanMvbGFuZ3VhZ2VzL2VuLmpzIj48L3NjcmlwdD4KCjwhLS0g57mB6auU5Lit5paHIC0tPgo8c2NyaXB0IHNyYz0iLi4vZGlzdC9qcy9sYW5ndWFnZXMvemgtdHcuanMiPjwvc2NyaXB0PgpgYGA=', '侯林远侯林远侯林远侯林远', 0, 0, '2020-05-28 04:55:18', '2020-05-28 04:55:18', 0, NULL, NULL, NULL, 0, NULL);
INSERT INTO `blog` VALUES (174, 12, 6, 4, 11, '嘎嘎嘎嘎嘎过过过过', 'W1RPQ10KCiMjIyBUaGVtZXMKCiMjIyMgU2V0dGluZwohW10oaHR0cDovL2xvY2FsaG9zdDo4MDgyL2ZpbGUvaW1hZ2UvNzYpCmNvbmZpZ3M6CgpgYGBqYXZhc2NyaXB0CnsKICAgIC8vIEVkaXRvci5tZCB0aGVtZSwgZGVmYXVsdCBvciBkYXJrLCBjaGFuZ2UgYXQgdjEuNS4wCiAgICAvLyBZb3UgY2FuIGFsc28gY3VzdG9tIGNzcyBjbGFzcyAuZWRpdG9ybWQtdGhlbWUteHh4eAogICAgdGhlbWUgOiAiZGVmYXVsdCB8IGRhcmsiLAoKICAgIC8vIFByZXZpZXcgY29udGFpbmVyIHRoZW1lLCBhZGRlZCB2MS41LjAKICAgIC8vIFlvdSBjYW4gYWxzbyBjdXN0b20gY3NzIGNsYXNzIC5lZGl0b3JtZC1wcmV2aWV3LXRoZW1lLXh4eHgKICAgIHByZXZpZXdUaGVtZSA6ICJkZWZhdWx0IHwgZGFyayIsCgogICAgLy8gQWRkZWQgQHYxLjUuMCAmIGFmdGVyIHZlcnNpb24gdGhpcyBpcyBDb2RlTWlycm9yIChlZGl0b3IgYXJlYSkgdGhlbWUKICAgIGVkaXRvclRoZW1lIDogZWRpdG9ybWQuZWRpdG9yVGhlbWVzWyd0aGVtZS1uYW1lJ10KfQpgYGAKCmZ1bmN0aW9uczoKCmBgYGphdmFzY3JpcHQKZWRpdG9yLnNldFRoZW1lKCd0aGVtZS1uYW1lJyk7CmVkaXRvci5zZXRFZGl0b3JUaGVtZSgndGhlbWUtbmFtZScpOwplZGl0b3Iuc2V0UHJldmlld1RoZW1lKCd0aGVtZS1uYW1lJyk7CmBgYAoKIyMjIyBEZWZhdWx0IHRoZW1lCgotIEVkaXRvci5tZCB0aGVtZSA6IGBkZWZhdWx0YAotIFByZXZpZXcgYXJlYSB0aGVtZSA6IGBkZWZhdWx0YAotIEVkaXRvciBhcmVhIHRoZW1lIDogYGRlZmF1bHRgCgo+IFJlY29tbWVuZCBgZGFya2AgdGhlbWUuCgojIyMjIFJlY29tbWVuZCBlZGl0b3IgYXJlYSB0aGVtZXMKCi0gYW1iaWFuY2UKLSBlY2xpcHNlCi0gbWRuLWxpa2UKLSBtYm8KLSBtb25va2FpCi0gbmVhdAotIHBhc3RlbC1vbi1kYXJrCgojIyMjIEVkaXRvciBhcmVhIHRoZW1lcwoKLSBkZWZhdWx0Ci0gMzAyNC1kYXkKLSAzMDI0LW5pZ2h0Ci0gYW1iaWFuY2UKLSBhbWJpYW5jZS1tb2JpbGUKLSBiYXNlMTYtZGFyawotIGJhc2UxNi1saWdodAotIGJsYWNrYm9hcmQKLSBjb2JhbHQKLSBlY2xpcHNlCi0gZWxlZ2FudAotIGVybGFuZy1kYXJrCi0gbGVzc2VyLWRhcmsKLSBtYm8KLSBtZG4tbGlrZQotIG1pZG5pZ2h0Ci0gbW9ub2thaQotIG5lYXQKLSBuZW8KLSBuaWdodAotIHBhcmFpc28tZGFyawotIHBhcmFpc28tbGlnaHQKLSBwYXN0ZWwtb24tZGFyawotIHJ1YnlibHVlCi0gc29sYXJpemVkCi0gdGhlLW1hdHJpeAotIHRvbW9ycm93LW5pZ2h0LWVpZ2h0aWVzCi0gdHdpbGlnaHQKLSB2aWJyYW50LWluawotIHhxLWRhcmsKLSB4cS1saWdodA==', '红红火火恍恍惚惚', 0, 0, '2020-05-29 09:50:00', '2020-05-29 09:50:16', 0, NULL, NULL, NULL, 1, NULL);
INSERT INTO `blog` VALUES (176, 12, 6, 56, 51, '测试测试测试Title测试', 'W1RPQ10KCiMjIyMgRGlzYWJsZWQgb3B0aW9ucwoKLSBUZVggKEJhc2VkIG9uIEthVGVYKTsKLSBFbW9qaTsKLSBUYXNrIGxpc3RzOwotIEhUTUwgdGFncyBkZWNvZGU7Ci0gRmxvd2NoYXJ0IGFuZCBTZXF1ZW5jZSBEaWFncmFtOwohW10oaHR0cDovL2xvY2FsaG9zdDo4MDgyL2ZpbGUvaW1hZ2UvNzkpCiMjIyMgRWRpdG9yLm1kIGRpcmVjdG9yeQoKICAgIGVkaXRvci5tZC8KICAgICAgICAgICAgbGliLwogICAgICAgICAgICBjc3MvCiAgICAgICAgICAgIHNjc3MvCiAgICAgICAgICAgIHRlc3RzLwogICAgICAgICAgICBmb250cy8KICAgICAgICAgICAgaW1hZ2VzLwogICAgICAgICAgICBwbHVnaW5zLwogICAgICAgICAgICBleGFtcGxlcy8KICAgICAgICAgICAgbGFuZ3VhZ2VzLyAgICAgCiAgICAgICAgICAgIGVkaXRvcm1kLmpzCiAgICAgICAgICAgIC4uLgoKYGBgaHRtbAo8IS0tIEVuZ2xpc2ggLS0+CjxzY3JpcHQgc3JjPSIuLi9kaXN0L2pzL2xhbmd1YWdlcy9lbi5qcyI+PC9zY3JpcHQ+Cgo8IS0tIOe5gemrlOS4reaWhyAtLT4KPHNjcmlwdCBzcmM9Ii4uL2Rpc3QvanMvbGFuZ3VhZ2VzL3poLXR3LmpzIj48L3NjcmlwdD4KYGBgCltUT0NdCgojIyMjIERpc2FibGVkIG9wdGlvbnMKCi0gVGVYIChCYXNlZCBvbiBLYVRlWCk7Ci0gRW1vamk7Ci0gVGFzayBsaXN0czsKLSBIVE1MIHRhZ3MgZGVjb2RlOwotIEZsb3djaGFydCBhbmQgU2VxdWVuY2UgRGlhZ3JhbTsKCiMjIyMgRWRpdG9yLm1kIGRpcmVjdG9yeQoKICAgIGVkaXRvci5tZC8KICAgICAgICAgICAgbGliLwogICAgICAgICAgICBjc3MvCiAgICAgICAgICAgIHNjc3MvCiAgICAgICAgICAgIHRlc3RzLwogICAgICAgICAgICBmb250cy8KICAgICAgICAgICAgaW1hZ2VzLwogICAgICAgICAgICBwbHVnaW5zLwogICAgICAgICAgICBleGFtcGxlcy8KICAgICAgICAgICAgbGFuZ3VhZ2VzLyAgICAgCiAgICAgICAgICAgIGVkaXRvcm1kLmpzCiAgICAgICAgICAgIC4uLgoKYGBgaHRtbAo8IS0tIEVuZ2xpc2ggLS0+CjxzY3JpcHQgc3JjPSIuLi9kaXN0L2pzL2xhbmd1YWdlcy9lbi5qcyI+PC9zY3JpcHQ+Cgo8IS0tIOe5gemrlOS4reaWhyAtLT4KPHNjcmlwdCBzcmM9Ii4uL2Rpc3QvanMvbGFuZ3VhZ2VzL3poLXR3LmpzIj48L3NjcmlwdD4KYGBg', '测试测试Intro测试', 0, 0, '2020-05-29 11:18:08', '2020-05-29 11:19:41', 0, NULL, NULL, NULL, 1, NULL);
COMMIT;

-- ----------------------------
-- Table structure for blog_draft
-- ----------------------------
DROP TABLE IF EXISTS `blog_draft`;
CREATE TABLE `blog_draft` (
  `blog_id` bigint NOT NULL AUTO_INCREMENT COMMENT '博文ID',
  `user_id` bigint NOT NULL COMMENT '发表用户ID',
  `blog_title` varchar(500) CHARACTER SET utf8 COLLATE utf8_general_ci NOT NULL COMMENT '博文标题',
  `blog_status` int NOT NULL DEFAULT '3' COMMENT '博文状态',
  `blog_type` int DEFAULT '10' COMMENT '博文类型',
  `series_id` bigint DEFAULT NULL COMMENT 'series_id',
  `blog_content` longtext CHARACTER SET utf8 COLLATE utf8_general_ci COMMENT '博文内容',
  `blog_create_time` datetime NOT NULL COMMENT '发表日期',
  `blog_update_time` datetime NOT NULL COMMENT '最近更新日期',
  `blog_intro` varchar(300) CHARACTER SET utf8 COLLATE utf8_general_ci DEFAULT NULL COMMENT '博文简介',
  `blog_media` varchar(255) DEFAULT NULL,
  `blog_tag` varchar(255) DEFAULT NULL,
  `blog_info` varchar(255) DEFAULT NULL,
  `blog_version` bigint NOT NULL DEFAULT '0' COMMENT '博文版本',
  `original_blog_id` bigint DEFAULT NULL COMMENT '跟发布表的Blog关联',
  PRIMARY KEY (`blog_id`) USING BTREE,
  KEY `user_id` (`user_id`)
) ENGINE=InnoDB AUTO_INCREMENT=316 DEFAULT CHARSET=utf8;

-- ----------------------------
-- Records of blog_draft
-- ----------------------------
BEGIN;
INSERT INTO `blog_draft` VALUES (274, 10, '发马上贷', 3, 39, 33, 'W1RPQ10KCiMjIyMgRGlzYWJsZWQgb3B0aW9ucwoKLSBUZVggKEJhc2VkIG9uIEthVGVYKTsKLSBFbW9qaTsKLSBUYXNrIGxpc3RzOwotIEhUTUwgdGFncyBkZWNvZGU7Ci0gRmxvd2NoYXJ0IGFuZCBTZXF1ZW5jZSBEaWFncmFtOwoKIyMjIyBFZGl0b3IubWQgZGlyZWN0b3J5CgogICAgZWRpdG9yLm1kLwogICAgICAgICAgICBsaWIvCiAgICAgICAgICAgIGNzcy8KICAgICAgICAgICAgc2Nzcy8KICAgICAgICAgICAgdGVzdHMvCiAgICAgICAgICAgIGZvbnRzLwogICAgICAgICAgICBpbWFnZXMvCiAgICAgICAgICAgIHBsdWdpbnMvCiAgICAgICAgICAgIGV4YW1wbGVzLwogICAgICAgICAgICBsYW5ndWFnZXMvICAgICAKICAgICAgICAgICAgZWRpdG9ybWQuanMKICAgICAgICAgICAgLi4uCgpgYGBodG1sCjwhLS0gRW5nbGlzaCAtLT4KPHNjcmlwdCBzcmM9Ii4uL2Rpc3QvanMvbGFuZ3VhZ2VzL2VuLmpzIj48L3NjcmlwdD4KCjwhLS0g57mB6auU5Lit5paHIC0tPgo8c2NyaXB0IHNyYz0iLi4vZGlzdC9qcy9sYW5ndWFnZXMvemgtdHcuanMiPjwvc2NyaXB0PgpgYGAKW1RPQ10KCiMjIyMgRGlzYWJsZWQgb3B0aW9ucwoKLSBUZVggKEJhc2VkIG9uIEthVGVYKTsKLSBFbW9qaTsKLSBUYXNrIGxpc3RzOwotIEhUTUwgdGFncyBkZWNvZGU7Ci0gRmxvd2NoYXJ0IGFuZCBTZXF1ZW5jZSBEaWFncmFtOwoKIyMjIyBFZGl0b3IubWQgZGlyZWN0b3J5CgogICAgZWRpdG9yLm1kLwogICAgICAgICAgICBsaWIvCiAgICAgICAgICAgIGNzcy8KICAgICAgICAgICAgc2Nzcy8KICAgICAgICAgICAgdGVzdHMvCiAgICAgICAgICAgIGZvbnRzLwogICAgICAgICAgICBpbWFnZXMvCiAgICAgICAgICAgIHBsdWdpbnMvCiAgICAgICAgICAgIGV4YW1wbGVzLwogICAgICAgICAgICBsYW5ndWFnZXMvICAgICAKICAgICAgICAgICAgZWRpdG9ybWQuanMKICAgICAgICAgICAgLi4uCgpgYGBodG1sCjwhLS0gRW5nbGlzaCAtLT4KPHNjcmlwdCBzcmM9Ii4uL2Rpc3QvanMvbGFuZ3VhZ2VzL2VuLmpzIj48L3NjcmlwdD4KCjwhLS0g57mB6auU5Lit5paHIC0tPgo8c2NyaXB0IHNyYz0iLi4vZGlzdC9qcy9sYW5ndWFnZXMvemgtdHcuanMiPjwvc2NyaXB0PgpgYGA=', '2020-04-23 12:17:27', '2020-04-23 12:17:27', '发马上贷发马上贷', NULL, NULL, NULL, 0, 145);
INSERT INTO `blog_draft` VALUES (282, 10, '碍事法师打', 3, 44, 38, 'W1RPQ10KCiMjIyMgRGlzYWJsZWQgb3B0aW9ucwoKLSBUZVggKEJhc2VkIG9uIEthVGVYKTsKLSBFbW9qaTsKLSBUYXNrIGxpc3RzOwotIEhUTUwgdGFncyBkZWNvZGU7Ci0gRmxvd2NoYXJ0IGFuZCBTZXF1ZW5jZSBEaWFncmFtOwoKIyMjIyBFZGl0b3IubWQgZGlyZWN0b3J5CgogICAgZWRpdG9yLm1kLwogICAgICAgICAgICBsaWIvCiAgICAgICAgICAgIGNzcy8KICAgICAgICAgICAgc2Nzcy8KICAgICAgICAgICAgdGVzdHMvCiAgICAgICAgICAgIGZvbnRzLwogICAgICAgICAgICBpbWFnZXMvCiAgICAgICAgICAgIHBsdWdpbnMvCiAgICAgICAgICAgIGV4YW1wbGVzLwogICAgICAgICAgICBsYW5ndWFnZXMvICAgICAKICAgICAgICAgICAgZWRpdG9ybWQuanMKICAgICAgICAgICAgLi4uCgpgYGBodG1sCjwhLS0gRW5nbGlzaCAtLT4KPHNjcmlwdCBzcmM9Ii4uL2Rpc3QvanMvbGFuZ3VhZ2VzL2VuLmpzIj48L3NjcmlwdD4KCjwhLS0g57mB6auU5Lit5paHIC0tPgo8c2NyaXB0IHNyYz0iLi4vZGlzdC9qcy9sYW5ndWFnZXMvemgtdHcuanMiPjwvc2NyaXB0PgpgYGAKW1RPQ10KCiMjIyMgRGlzYWJsZWQgb3B0aW9ucwoKLSBUZVggKEJhc2VkIG9uIEthVGVYKTsKLSBFbW9qaTsKLSBUYXNrIGxpc3RzOwotIEhUTUwgdGFncyBkZWNvZGU7Ci0gRmxvd2NoYXJ0IGFuZCBTZXF1ZW5jZSBEaWFncmFtOwoKIyMjIyBFZGl0b3IubWQgZGlyZWN0b3J5CgogICAgZWRpdG9yLm1kLwogICAgICAgICAgICBsaWIvCiAgICAgICAgICAgIGNzcy8KICAgICAgICAgICAgc2Nzcy8KICAgICAgICAgICAgdGVzdHMvCiAgICAgICAgICAgIGZvbnRzLwogICAgICAgICAgICBpbWFnZXMvCiAgICAgICAgICAgIHBsdWdpbnMvCiAgICAgICAgICAgIGV4YW1wbGVzLwogICAgICAgICAgICBsYW5ndWFnZXMvICAgICAKICAgICAgICAgICAgZWRpdG9ybWQuanMKICAgICAgICAgICAgLi4uCgpgYGBodG1sCjwhLS0gRW5nbGlzaCAtLT4KPHNjcmlwdCBzcmM9Ii4uL2Rpc3QvanMvbGFuZ3VhZ2VzL2VuLmpzIj48L3NjcmlwdD4KCjwhLS0g57mB6auU5Lit5paHIC0tPgo8c2NyaXB0IHNyYz0iLi4vZGlzdC9qcy9sYW5ndWFnZXMvemgtdHcuanMiPjwvc2NyaXB0PgpgYGA=', '2020-04-23 12:57:06', '2020-04-23 12:57:06', '阿达我发誓', NULL, NULL, NULL, 0, -1);
INSERT INTO `blog_draft` VALUES (283, 10, '矮个人韦尔奇', 2, NULL, NULL, 'W1RPQ10KCiMjIyMgRGlzYWJsZWQgb3B0aW9ucwoKLSBUZVggKEJhc2VkIG9uIEthVGVYKTsKLSBFbW9qaTsKLSBUYXNrIGxpc3RzOwotIEhUTUwgdGFncyBkZWNvZGU7Ci0gRmxvd2NoYXJ0IGFuZCBTZXF1ZW5jZSBEaWFncmFtOwoKIyMjIyBFZGl0b3IubWQgZGlyZWN0b3J5CgogICAgZWRpdG9yLm1kLwogICAgICAgICAgICBsaWIvCiAgICAgICAgICAgIGNzcy8KICAgICAgICAgICAgc2Nzcy8KICAgICAgICAgICAgdGVzdHMvCiAgICAgICAgICAgIGZvbnRzLwogICAgICAgICAgICBpbWFnZXMvCiAgICAgICAgICAgIHBsdWdpbnMvCiAgICAgICAgICAgIGV4YW1wbGVzLwogICAgICAgICAgICBsYW5ndWFnZXMvICAgICAKICAgICAgICAgICAgZWRpdG9ybWQuanMKICAgICAgICAgICAgLi4uCgpgYGBodG1sCjwhLS0gRW5nbGlzaCAtLT4KPHNjcmlwdCBzcmM9Ii4uL2Rpc3QvanMvbGFuZ3VhZ2VzL2VuLmpzIj48L3NjcmlwdD4KCjwhLS0g57mB6auU5Lit5paHIC0tPgo8c2NyaXB0IHNyYz0iLi4vZGlzdC9qcy9sYW5ndWFnZXMvemgtdHcuanMiPjwvc2NyaXB0PgpgYGAKW1RPQ10KCiMjIyMgRGlzYWJsZWQgb3B0aW9ucwoKLSBUZVggKEJhc2VkIG9uIEthVGVYKTsKLSBFbW9qaTsKLSBUYXNrIGxpc3RzOwotIEhUTUwgdGFncyBkZWNvZGU7Ci0gRmxvd2NoYXJ0IGFuZCBTZXF1ZW5jZSBEaWFncmFtOwoKCiFbXShodHRwOi8vbG9jYWxob3N0OjgwODAvZmlsZS9pbWFnZS82NCkKCiMjIyMgRWRpdG9yLm1kIGRpcmVjdG9yeQoKICAgIGVkaXRvci5tZC8KICAgICAgICAgICAgbGliLwogICAgICAgICAgICBjc3MvCiAgICAgICAgICAgIHNjc3MvCiAgICAgICAgICAgIHRlc3RzLwogICAgICAgICAgICBmb250cy8KICAgICAgICAgICAgaW1hZ2VzLwogICAgICAgICAgICBwbHVnaW5zLwogICAgICAgICAgICBleGFtcGxlcy8KICAgICAgICAgICAgbGFuZ3VhZ2VzLyAgICAgCiAgICAgICAgICAgIGVkaXRvcm1kLmpzCiAgICAgICAgICAgIC4uLgoKYGBgaHRtbAo8IS0tIEVuZ2xpc2ggLS0+CjxzY3JpcHQgc3JjPSIuLi9kaXN0L2pzL2xhbmd1YWdlcy9lbi5qcyI+PC9zY3JpcHQ+Cgo8IS0tIOe5gemrlOS4reaWhyAtLT4KPHNjcmlwdCBzcmM9Ii4uL2Rpc3QvanMvbGFuZ3VhZ2VzL3poLXR3LmpzIj48L3NjcmlwdD4KYGBg', '2020-04-26 04:45:57', '2020-04-26 04:45:57', '矮个人韦尔奇矮个人韦尔奇', NULL, NULL, NULL, 0, NULL);
INSERT INTO `blog_draft` VALUES (312, 12, '嘎嘎深度g', 3, 54, 49, 'W1RPQ10KCiMjIyMgRGlzYWJsZWQgb3B0aW9ucwoKLSBUZVggKEJhc2VkIG9uIEthVGVYKTsKLSBFbW9qaTsKLSBUYXNrIGxpc3RzOwotIEhUTUwgdGFncyBkZWNvZGU7Ci0gRmxvd2NoYXJ0IGFuZCBTZXF1ZW5jZSBEaWFncmFtOwoKIyMjIyBFZGl0b3IubWQgZGlyZWN0b3J5CgogICAgZWRpdG9yLm1kLwogICAgICAgICAgICBsaWIvCiAgICAgICAgICAgIGNzcy8KICAgICAgICAgICAgc2Nzcy8KICAgICAgICAgICAgdGVzdHMvCiAgICAgICAgICAgIGZvbnRzLwogICAgICAgICAgICBpbWFnZXMvCiAgICAgICAgICAgIHBsdWdpbnMvCiAgICAgICAgICAgIGV4YW1wbGVzLwogICAgICAgICAgICBsYW5ndWFnZXMvICAgICAKICAgICAgICAgICAgZWRpdG9ybWQuanMKICAgICAgICAgICAgLi4uCgpgYGBodG1sCjwhLS0gRW5nbGlzaCAtLT4KPHNjcmlwdCBzcmM9Ii4uL2Rpc3QvanMvbGFuZ3VhZ2VzL2VuLmpzIj48L3NjcmlwdD4KCjwhLS0g57mB6auU5Lit5paHIC0tPgo8c2NyaXB0IHNyYz0iLi4vZGlzdC9qcy9sYW5ndWFnZXMvemgtdHcuanMiPjwvc2NyaXB0PgpgYGA=', '2020-05-29 10:57:38', '2020-05-29 10:57:44', '额萨尔安慰法', NULL, NULL, NULL, 1, -1);
INSERT INTO `blog_draft` VALUES (313, 12, '灰色地带个', 2, 55, 50, 'W1RPQ10KCiMjIyMgRGlzYWJsZWQgb3B0aW9ucwoKLSBUZVggKEJhc2VkIG9uIEthVGVYKTsKLSBFbW9qaTsKLSBUYXNrIGxpc3RzOwotIEhUTUwgdGFncyBkZWNvZGU7Ci0gRmxvd2NoYXJ0IGFuZCBTZXF1ZW5jZSBEaWFncmFtOwohW10oaHR0cDovL2xvY2FsaG9zdDo4MDgyL2ZpbGUvaW1hZ2UvNzgpCiFbXShodHRwOi8vbG9jYWxob3N0OjgwODIvZmlsZS9pbWFnZS83NykKIyMjIyBFZGl0b3IubWQgZGlyZWN0b3J5CgogICAgZWRpdG9yLm1kLwogICAgICAgICAgICBsaWIvCiAgICAgICAgICAgIGNzcy8KICAgICAgICAgICAgc2Nzcy8KICAgICAgICAgICAgdGVzdHMvCiAgICAgICAgICAgIGZvbnRzLwogICAgICAgICAgICBpbWFnZXMvCiAgICAgICAgICAgIHBsdWdpbnMvCiAgICAgICAgICAgIGV4YW1wbGVzLwogICAgICAgICAgICBsYW5ndWFnZXMvICAgICAKICAgICAgICAgICAgZWRpdG9ybWQuanMKICAgICAgICAgICAgLi4uCgpgYGBodG1sCjwhLS0gRW5nbGlzaCAtLT4KPHNjcmlwdCBzcmM9Ii4uL2Rpc3QvanMvbGFuZ3VhZ2VzL2VuLmpzIj48L3NjcmlwdD4KCjwhLS0g57mB6auU5Lit5paHIC0tPgo8c2NyaXB0IHNyYz0iLi4vZGlzdC9qcy9sYW5ndWFnZXMvemgtdHcuanMiPjwvc2NyaXB0PgpgYGA=', '2020-05-29 11:02:58', '2020-05-29 11:02:58', '好地方改为', NULL, NULL, NULL, 0, -1);
COMMIT;

-- ----------------------------
-- Table structure for blog_series
-- ----------------------------
DROP TABLE IF EXISTS `blog_series`;
CREATE TABLE `blog_series` (
  `series_id` bigint NOT NULL AUTO_INCREMENT,
  `series_short_name` varchar(255) CHARACTER SET utf8 COLLATE utf8_bin DEFAULT NULL,
  `series_name` varchar(255) CHARACTER SET utf8 COLLATE utf8_bin NOT NULL,
  `user_id` bigint NOT NULL,
  `series_create_time` datetime(6) DEFAULT NULL,
  `series_update_time` datetime(6) DEFAULT NULL,
  `series_num` int DEFAULT NULL,
  `series_status` int NOT NULL DEFAULT '6',
  `series_type` int DEFAULT '10',
  `series_link` varchar(255) CHARACTER SET utf8 COLLATE utf8_bin DEFAULT NULL,
  `series_popular` bigint DEFAULT NULL,
  `series_intro` varchar(255) CHARACTER SET utf8 COLLATE utf8_bin DEFAULT NULL,
  PRIMARY KEY (`series_id`)
) ENGINE=InnoDB AUTO_INCREMENT=52 DEFAULT CHARSET=utf8 COLLATE=utf8_bin;

-- ----------------------------
-- Records of blog_series
-- ----------------------------
BEGIN;
INSERT INTO `blog_series` VALUES (2, 'JVM系列', 'JVM系列', 12, '2020-04-12 14:43:26.000000', '2020-04-29 03:22:51.458000', NULL, 6, 11, NULL, NULL, '');
INSERT INTO `blog_series` VALUES (8, 'Shiro系列', 'Shiro系列', 12, '2020-04-12 14:45:29.000000', '2020-04-29 03:25:35.143000', NULL, 6, 11, NULL, NULL, '');
INSERT INTO `blog_series` VALUES (9, 'redis系列', 'redis系列', 12, '2020-04-12 14:45:39.000000', NULL, NULL, 6, 11, NULL, NULL, NULL);
INSERT INTO `blog_series` VALUES (11, NULL, '驱蚊器翁群无', 12, '2020-04-15 09:08:23.426000', '2020-04-15 09:08:23.426000', 1, 6, 10, NULL, NULL, '6amx6JqK5Zmo57+B');
INSERT INTO `blog_series` VALUES (12, NULL, '韦尔奇网上大概', 12, '2020-04-15 09:13:37.303000', '2020-04-15 09:13:37.303000', 1, 6, 10, NULL, NULL, '6amx6JqK5Zmo57+B');
INSERT INTO `blog_series` VALUES (13, NULL, '尔特手动阀', 12, '2020-04-15 09:43:54.931000', '2020-04-29 04:09:33.606000', 1, 6, 19, NULL, NULL, '6amx6JqK5Zmo57+B576k');
INSERT INTO `blog_series` VALUES (14, NULL, '', 12, '2020-04-15 10:54:51.164000', '2020-04-15 10:54:51.164000', 1, 6, 20, NULL, NULL, '6amx6JqK5Zmo57+B');
INSERT INTO `blog_series` VALUES (15, NULL, '阿斯达无', 12, '2020-04-15 10:55:17.055000', '2020-04-15 10:55:17.055000', 1, 6, 21, NULL, NULL, '6amx6JqK5Zmo57+B');
INSERT INTO `blog_series` VALUES (17, NULL, '网二', 12, '2020-04-15 13:37:26.315000', '2020-04-15 13:37:26.315000', 1, 6, 24, NULL, NULL, 'd3dlcnc=');
INSERT INTO `blog_series` VALUES (20, NULL, '让他也让', 12, '2020-04-15 13:47:59.488000', '2020-04-15 13:47:59.488000', 1, 6, 27, NULL, NULL, '6amx6JqK5Zmo57+B576k');
INSERT INTO `blog_series` VALUES (21, NULL, '二哥', 12, '2020-04-15 13:50:29.462000', '2020-04-15 13:50:29.462000', 1, 6, 28, NULL, NULL, '6amx6JqK5Zmo57+B576k');
INSERT INTO `blog_series` VALUES (22, NULL, '个任天野', 12, '2020-04-15 14:12:16.899000', '2020-04-15 14:12:16.899000', 1, 6, 29, NULL, NULL, '6amx6JqK5Zmo57+B576k');
INSERT INTO `blog_series` VALUES (23, NULL, '突然', 12, '2020-04-15 14:12:41.742000', '2020-04-15 14:12:41.742000', 1, 6, 30, NULL, NULL, '6amx6JqK5Zmo57+B576k');
INSERT INTO `blog_series` VALUES (24, NULL, 'BBBB', 12, '2020-04-15 15:05:39.194000', '2020-04-15 15:05:39.194000', 1, 6, 31, NULL, NULL, 'YWFzZGFzZA==');
INSERT INTO `blog_series` VALUES (25, NULL, '侯林远侯林远', 10, '2020-04-23 10:20:45.172000', '2020-04-23 10:20:45.172000', 1, 6, 32, NULL, NULL, '侯林远侯林远侯林远侯林远');
INSERT INTO `blog_series` VALUES (26, NULL, '张三', 10, '2020-04-23 10:30:46.813000', '2020-04-23 10:30:46.813000', 1, 6, 33, NULL, NULL, '张三张三张三张三');
INSERT INTO `blog_series` VALUES (27, NULL, '网上网上', 10, '2020-04-23 10:50:03.249000', '2020-04-23 10:50:03.249000', 1, 6, 34, NULL, NULL, '网上网上网上');
INSERT INTO `blog_series` VALUES (28, NULL, '阿瓦达', 10, '2020-04-23 10:50:53.969000', '2020-04-23 10:50:53.969000', 1, 6, 35, NULL, NULL, '阿瓦达阿瓦达阿瓦达');
INSERT INTO `blog_series` VALUES (30, NULL, '而环卫工人', 10, '2020-04-23 11:00:11.609000', '2020-04-23 11:00:11.609000', 1, 6, 37, NULL, NULL, '而环卫工人');
INSERT INTO `blog_series` VALUES (31, NULL, '哇阿发', 10, '2020-04-23 12:04:28.530000', '2020-04-23 12:04:28.530000', 1, 6, 35, NULL, NULL, '无穷大多');
INSERT INTO `blog_series` VALUES (32, NULL, '侯林远', 10, '2020-04-23 12:12:57.116000', '2020-04-23 12:12:57.116000', 1, 6, 38, NULL, NULL, '侯林远侯林远');
INSERT INTO `blog_series` VALUES (33, NULL, '', 10, '2020-04-23 12:15:02.449000', '2020-04-23 12:15:02.449000', 1, 6, 10, NULL, NULL, '侯林远侯林远');
INSERT INTO `blog_series` VALUES (34, NULL, '发马上贷', 10, '2020-04-23 12:16:22.340000', '2020-04-23 12:16:22.340000', 1, 6, 40, NULL, NULL, '发马上贷发马上贷');
INSERT INTO `blog_series` VALUES (35, NULL, '斤斤计较', 10, '2020-04-23 12:19:07.239000', '2020-04-23 12:19:07.239000', 1, 6, 41, NULL, NULL, '斤斤计较斤斤计较斤斤计较斤斤计较');
INSERT INTO `blog_series` VALUES (36, NULL, '预览', 10, '2020-04-23 12:33:23.976000', '2020-04-23 12:33:23.976000', 1, 6, 42, NULL, NULL, '预览预览预览');
INSERT INTO `blog_series` VALUES (37, NULL, '反反复复付付付', 10, '2020-04-23 12:38:45.289000', '2020-04-23 12:38:45.289000', 1, 6, 43, NULL, NULL, '反反复复付付付');
INSERT INTO `blog_series` VALUES (38, NULL, '噶大声道', 10, '2020-04-23 12:57:05.493000', '2020-04-23 12:57:05.493000', 1, 6, 44, NULL, NULL, '阿达我发誓');
INSERT INTO `blog_series` VALUES (39, NULL, '阿嘎杀手', 10, '2020-04-23 13:09:21.624000', '2020-04-23 13:09:21.624000', 1, 6, 45, NULL, NULL, '阿嘎杀手');
INSERT INTO `blog_series` VALUES (40, NULL, '个的份上', 10, '2020-04-23 23:40:59.544000', '2020-04-23 23:40:59.544000', 1, 6, 46, NULL, NULL, '个的份上个的份上个的份上');
INSERT INTO `blog_series` VALUES (41, NULL, '和腐蚀都跟我', 10, '2020-04-23 23:44:35.824000', '2020-04-23 23:44:35.824000', 1, 6, 47, NULL, NULL, '和腐蚀都跟我和腐蚀都跟我');
INSERT INTO `blog_series` VALUES (42, NULL, '矮个人韦尔奇矮个人韦尔奇', 10, '2020-04-23 23:45:47.647000', '2020-04-23 23:45:47.647000', 1, 6, 48, NULL, NULL, '矮个人韦尔奇矮个人韦尔奇');
INSERT INTO `blog_series` VALUES (43, NULL, '是单方事故', 12, '2020-04-25 15:54:37.301000', '2020-04-25 15:54:37.301000', 1, 6, 49, NULL, NULL, '是单方事故');
INSERT INTO `blog_series` VALUES (44, NULL, '嘎嘎嘎嘎嘎过过过过', 12, '2020-04-26 12:27:03.722000', '2020-04-26 12:27:03.722000', 1, 6, 50, NULL, NULL, '嘎嘎嘎嘎嘎过过过过');
INSERT INTO `blog_series` VALUES (45, NULL, '28日28日28日', 12, '2020-04-27 13:19:59.913000', '2020-04-27 13:19:59.913000', 1, 6, 51, NULL, NULL, '28日28日');
INSERT INTO `blog_series` VALUES (46, NULL, '王企鹅而过', 12, '2020-05-28 00:26:20.197000', '2020-05-28 00:26:20.197000', 1, 6, 52, NULL, NULL, '爱我去多');
INSERT INTO `blog_series` VALUES (47, NULL, '华东师范所所所所所所', 12, '2020-05-28 01:06:47.029000', '2020-05-28 01:06:47.029000', 1, 6, 53, NULL, NULL, '和大范甘迪');
INSERT INTO `blog_series` VALUES (48, NULL, '问题我去额', 12, '2020-05-28 01:21:42.378000', '2020-05-28 01:21:42.378000', 1, 6, 10, NULL, NULL, '嘎达完全哇嘎');
INSERT INTO `blog_series` VALUES (49, NULL, '卫栖梧', 12, '2020-05-29 10:57:37.732000', '2020-05-29 10:57:37.732000', 1, 6, 54, NULL, NULL, '额萨尔安慰法');
INSERT INTO `blog_series` VALUES (50, NULL, '黑色素的份上', 12, '2020-05-29 11:01:42.067000', '2020-05-29 11:01:42.067000', 1, 6, 55, NULL, NULL, '好地方改为');
INSERT INTO `blog_series` VALUES (51, NULL, '测试Series测试', 12, '2020-05-29 11:18:06.252000', '2020-05-29 11:18:06.252000', 1, 6, 56, NULL, NULL, '测试测试Intro测试');
COMMIT;

-- ----------------------------
-- Table structure for blog_type
-- ----------------------------
DROP TABLE IF EXISTS `blog_type`;
CREATE TABLE `blog_type` (
  `type_id` int NOT NULL AUTO_INCREMENT,
  `type_name` varchar(255) CHARACTER SET utf8 COLLATE utf8_bin NOT NULL,
  `type_create_time` datetime DEFAULT NULL,
  `user_id` bigint DEFAULT NULL,
  `type_status` int NOT NULL DEFAULT '6',
  `type_link` varchar(255) CHARACTER SET utf8 COLLATE utf8_bin DEFAULT NULL,
  `type_popular` bigint DEFAULT NULL,
  `type_num` int DEFAULT NULL,
  `type_short_name` varchar(20) CHARACTER SET utf8 COLLATE utf8_bin DEFAULT NULL,
  `farther_type` varchar(255) CHARACTER SET utf8 COLLATE utf8_bin DEFAULT 'default',
  `farther_id` int NOT NULL DEFAULT '1',
  PRIMARY KEY (`type_id`)
) ENGINE=InnoDB AUTO_INCREMENT=57 DEFAULT CHARSET=utf8 COLLATE=utf8_bin;

-- ----------------------------
-- Records of blog_type
-- ----------------------------
BEGIN;
INSERT INTO `blog_type` VALUES (1, '中间件', '2020-04-12 14:21:05', 12, 6, NULL, NULL, NULL, 'middleware', 'Java', 2);
INSERT INTO `blog_type` VALUES (2, '高并发', '2020-04-12 14:25:19', 12, 6, NULL, NULL, NULL, 'highConcurrency', 'Java', 2);
INSERT INTO `blog_type` VALUES (3, '微服务', '2020-04-12 14:25:46', 12, 6, NULL, NULL, NULL, 'microservices', 'Java', 2);
INSERT INTO `blog_type` VALUES (4, '分布式&集群', '2020-04-12 14:26:15', 12, 6, NULL, NULL, NULL, 'distributed&cluster', 'Java', 2);
INSERT INTO `blog_type` VALUES (5, 'Java后端', '2020-04-12 14:26:29', 12, 6, NULL, NULL, NULL, 'javaBackEnd', 'Java', 2);
INSERT INTO `blog_type` VALUES (6, '数据库&缓存', '2020-04-12 14:26:51', 12, 6, NULL, NULL, NULL, 'sql&cache', 'DataBase', 3);
INSERT INTO `blog_type` VALUES (7, 'Java基础', '2020-04-12 14:27:16', 12, 6, NULL, NULL, NULL, 'javaBasic', 'Java', 2);
INSERT INTO `blog_type` VALUES (8, '网络', '2020-04-12 14:27:34', 12, 6, NULL, NULL, NULL, 'communication', 'Network', 4);
INSERT INTO `blog_type` VALUES (9, 'Linux&Server', '2020-04-12 14:27:45', 12, 6, NULL, NULL, NULL, 'linux&server', 'Linux', 5);
INSERT INTO `blog_type` VALUES (10, '随笔', '2020-04-12 14:28:22', 12, 6, NULL, NULL, NULL, 'blog', 'Life', 7);
INSERT INTO `blog_type` VALUES (11, '安全', '2020-04-12 14:28:08', 12, 6, NULL, NULL, NULL, 'security', 'Security', 6);
INSERT INTO `blog_type` VALUES (12, '前端', '2020-04-12 14:28:45', 12, 6, NULL, NULL, NULL, 'frontEnd', 'FrontEnd', 8);
INSERT INTO `blog_type` VALUES (13, 'C/C++', '2020-04-12 14:29:07', 12, 6, NULL, NULL, NULL, 'c/c++', 'C/C++', 9);
INSERT INTO `blog_type` VALUES (14, 'Android', '2020-04-12 14:29:44', 12, 6, NULL, NULL, NULL, 'android', 'Android', 10);
INSERT INTO `blog_type` VALUES (15, 'AndroidFramework', '2020-04-12 14:29:41', 12, 6, NULL, NULL, NULL, 'androidFramework', 'Andorid', 10);
INSERT INTO `blog_type` VALUES (17, '奥术大师大', '2020-04-15 09:08:23', 12, 6, NULL, NULL, 1, NULL, 'default', 1);
INSERT INTO `blog_type` VALUES (18, '爱国就问问', '2020-04-15 09:13:37', 12, 6, NULL, NULL, 1, NULL, 'default', 1);
INSERT INTO `blog_type` VALUES (19, '王企鹅群嘎达', '2020-04-15 09:43:55', 12, 6, NULL, NULL, 1, NULL, 'default', 1);
INSERT INTO `blog_type` VALUES (20, 'asdafw', '2020-04-15 10:54:51', 12, 6, NULL, NULL, 1, NULL, 'default', 1);
INSERT INTO `blog_type` VALUES (21, '', '2020-04-15 10:55:17', 12, 6, NULL, NULL, 1, NULL, 'default', 1);
INSERT INTO `blog_type` VALUES (22, '我哦萌娃', '2020-04-15 12:36:12', 12, 6, NULL, NULL, 1, NULL, 'default', 1);
INSERT INTO `blog_type` VALUES (23, '爱生气翁群无', '2020-04-15 12:40:47', 12, 6, NULL, NULL, 1, NULL, 'default', 1);
INSERT INTO `blog_type` VALUES (24, '阿莎', '2020-04-15 13:37:26', 12, 6, NULL, NULL, 1, NULL, 'default', 1);
INSERT INTO `blog_type` VALUES (25, '爱国撒', '2020-04-15 13:42:03', 12, 6, NULL, NULL, 1, NULL, 'default', 1);
INSERT INTO `blog_type` VALUES (26, '奥术大师', '2020-04-15 13:46:26', 12, 6, NULL, NULL, 1, NULL, 'default', 1);
INSERT INTO `blog_type` VALUES (27, '阿斯达色鬼', '2020-04-15 13:47:59', 12, 6, NULL, NULL, 1, NULL, 'default', 1);
INSERT INTO `blog_type` VALUES (28, '安达市', '2020-04-15 13:50:29', 12, 6, NULL, NULL, 1, NULL, 'default', 1);
INSERT INTO `blog_type` VALUES (29, '爱傻傻的', '2020-04-15 14:12:17', 12, 6, NULL, NULL, 1, NULL, 'default', 1);
INSERT INTO `blog_type` VALUES (30, '为期无非', '2020-04-15 14:12:42', 12, 6, NULL, NULL, 1, NULL, 'default', 1);
INSERT INTO `blog_type` VALUES (31, 'AAAAA', '2020-04-15 15:05:39', 12, 6, NULL, NULL, 1, NULL, 'default', 1);
INSERT INTO `blog_type` VALUES (32, '侯林远侯林远', '2020-04-23 10:20:45', 10, 6, NULL, NULL, 1, NULL, 'default', 1);
INSERT INTO `blog_type` VALUES (33, '张三', '2020-04-23 10:30:47', 10, 6, NULL, NULL, 1, NULL, 'default', 1);
INSERT INTO `blog_type` VALUES (34, '网上网上', '2020-04-23 10:50:03', 10, 6, NULL, NULL, 1, NULL, 'default', 1);
INSERT INTO `blog_type` VALUES (35, '阿瓦达', '2020-04-23 10:50:54', 10, 6, NULL, NULL, 1, NULL, 'default', 1);
INSERT INTO `blog_type` VALUES (36, '同一天乳液', '2020-04-23 10:59:38', 10, 6, NULL, NULL, 1, NULL, 'default', 1);
INSERT INTO `blog_type` VALUES (37, '而环卫工人', '2020-04-23 11:00:12', 10, 6, NULL, NULL, 1, NULL, 'default', 1);
INSERT INTO `blog_type` VALUES (38, '侯林远', '2020-04-23 12:12:57', 10, 6, NULL, NULL, 1, NULL, 'default', 1);
INSERT INTO `blog_type` VALUES (39, '', '2020-04-23 12:15:02', 10, 6, NULL, NULL, 1, NULL, 'default', 1);
INSERT INTO `blog_type` VALUES (40, '发马上贷', '2020-04-23 12:16:22', 10, 6, NULL, NULL, 1, NULL, 'default', 1);
INSERT INTO `blog_type` VALUES (41, '斤斤计较', '2020-04-23 12:19:07', 10, 6, NULL, NULL, 1, NULL, 'default', 1);
INSERT INTO `blog_type` VALUES (42, '预览', '2020-04-23 12:33:24', 10, 6, NULL, NULL, 1, NULL, 'default', 1);
INSERT INTO `blog_type` VALUES (43, '反反复复付付付', '2020-04-23 12:38:45', 10, 6, NULL, NULL, 1, NULL, 'default', 1);
INSERT INTO `blog_type` VALUES (44, '阿达瓦', '2020-04-23 12:57:05', 10, 6, NULL, NULL, 1, NULL, 'default', 1);
INSERT INTO `blog_type` VALUES (45, '阿嘎杀手', '2020-04-23 13:09:22', 10, 6, NULL, NULL, 1, NULL, 'default', 1);
INSERT INTO `blog_type` VALUES (46, '个的份上', '2020-04-23 23:41:00', 10, 6, NULL, NULL, 1, NULL, 'default', 1);
INSERT INTO `blog_type` VALUES (47, '和腐蚀都跟我', '2020-04-23 23:44:36', 10, 6, NULL, NULL, 1, NULL, 'default', 1);
INSERT INTO `blog_type` VALUES (48, '矮个人韦尔奇矮个人韦尔奇', '2020-04-23 23:45:48', 10, 6, NULL, NULL, 1, NULL, 'default', 1);
INSERT INTO `blog_type` VALUES (49, '是单方事故', '2020-04-25 15:54:37', 12, 6, NULL, NULL, 1, NULL, 'default', 1);
INSERT INTO `blog_type` VALUES (50, '嘎嘎嘎嘎嘎过过过过过过过过', '2020-04-26 12:27:04', 12, 6, NULL, NULL, 1, NULL, 'default', 1);
INSERT INTO `blog_type` VALUES (51, '28日28日', '2020-04-27 13:20:00', 12, 6, NULL, NULL, 1, NULL, 'default', 1);
INSERT INTO `blog_type` VALUES (52, '阿三国杀服务', '2020-05-28 00:26:20', 12, 6, NULL, NULL, 1, NULL, 'default', 1);
INSERT INTO `blog_type` VALUES (53, 'gas噶过过过过过', '2020-05-28 01:06:47', 12, 6, NULL, NULL, 1, NULL, 'default', 1);
INSERT INTO `blog_type` VALUES (54, '十大歌手', '2020-05-29 10:57:38', 12, 6, NULL, NULL, 1, NULL, 'default', 1);
INSERT INTO `blog_type` VALUES (55, '地方固定式', '2020-05-29 11:01:42', 12, 6, NULL, NULL, 1, NULL, 'default', 1);
INSERT INTO `blog_type` VALUES (56, '测试测试Type', '2020-05-29 11:18:06', 12, 6, NULL, NULL, 1, NULL, 'default', 1);
COMMIT;

-- ----------------------------
-- Table structure for file
-- ----------------------------
DROP TABLE IF EXISTS `file`;
CREATE TABLE `file` (
  `file_id` bigint NOT NULL AUTO_INCREMENT,
  `case_id` bigint DEFAULT NULL,
  `user_id` bigint NOT NULL,
  `file_content` mediumblob COMMENT '图片',
  `save_type` varchar(255) NOT NULL,
  `file_path` varchar(255) DEFAULT NULL,
  `file_name` varchar(255) CHARACTER SET utf8 COLLATE utf8_general_ci NOT NULL COMMENT '名称',
  `file_suffix` varchar(20) CHARACTER SET utf8 COLLATE utf8_general_ci NOT NULL,
  `file_size` bigint NOT NULL COMMENT '大小',
  `file_usage` varchar(255) CHARACTER SET utf8 COLLATE utf8_general_ci NOT NULL COMMENT '单位',
  `file_create_time` datetime NOT NULL,
  `file_status` int NOT NULL,
  `server_path` varchar(255) DEFAULT NULL,
  `server_key` varchar(255) DEFAULT NULL,
  `farther_id` int DEFAULT NULL,
  `farther_name` varchar(255) DEFAULT NULL,
  PRIMARY KEY (`file_id`) USING BTREE
) ENGINE=InnoDB AUTO_INCREMENT=81 DEFAULT CHARSET=utf8;

-- ----------------------------
-- Records of file
-- ----------------------------
BEGIN;
INSERT INTO `file` VALUES (45, 12, 12, NULL, 'localPath', '/Users/hly/IdeaProjects/March/target/March/uploads/avatar', '1586787307067_461', 'png', 640889, 'profilePic', '2020-04-13 09:15:07', 6, NULL, NULL, NULL, NULL);
INSERT INTO `file` VALUES (46, 12, 12, NULL, 'localPath', '/Users/hly/IdeaProjects/March/target/March/uploads/avatar', '1586787605418_346', 'png', 640889, 'profilePic', '2020-04-13 09:20:05', 6, NULL, NULL, NULL, NULL);
INSERT INTO `file` VALUES (47, 12, 12, NULL, 'localPath', '/Users/hly/IdeaProjects/March/target/March/uploads/avatar', '1586787761206_331', 'png', 640889, 'profilePic', '2020-04-13 09:22:41', 6, NULL, NULL, NULL, NULL);
INSERT INTO `file` VALUES (48, 12, 12, NULL, 'localPath', '/Users/hly/IdeaProjects/March/target/March/uploads/avatar', '1586787803836_407', 'png', 640889, 'profilePic', '2020-04-13 09:23:24', 6, NULL, NULL, NULL, NULL);
INSERT INTO `file` VALUES (49, 12, 12, NULL, 'localPath', '/Users/hly/IdeaProjects/March/target/March/uploads/avatar', '1586787920629_625', 'png', 884021, 'profilePic', '2020-04-13 09:25:21', 6, NULL, NULL, NULL, NULL);
INSERT INTO `file` VALUES (50, NULL, 12, NULL, 'localPath', '/Users/hly/IdeaProjects/March/target/March/image/12/blog/', '12_1587476156313_599', 'jpg', 247864, 'blog', '2020-04-21 08:35:56', 6, NULL, NULL, NULL, NULL);
INSERT INTO `file` VALUES (51, NULL, 12, NULL, 'localPath', '/Users/hly/IdeaProjects/March/target/March/image/12/blog/', '12_1587476590567_649', 'jpg', 247864, 'blog', '2020-04-21 08:43:11', 6, NULL, NULL, NULL, NULL);
INSERT INTO `file` VALUES (52, NULL, 12, NULL, 'localPath', '/Users/hly/IdeaProjects/March/target/March/image/12/blog/', '12_1587476946215_375', 'jpg', 228913, 'blog', '2020-04-21 08:49:06', 6, NULL, NULL, NULL, NULL);
INSERT INTO `file` VALUES (53, NULL, 12, NULL, 'localPath', '/Users/hly/IdeaProjects/March/target/March/image/12/blog/', '12_1587477245546_656', 'jpg', 356996, 'blog', '2020-04-21 08:54:06', 6, NULL, NULL, NULL, NULL);
INSERT INTO `file` VALUES (54, NULL, 12, NULL, 'localPath', '/Users/hly/IdeaProjects/March/target/March/image/12/blog/', '12_1587477419521_215', 'jpg', 179610, 'blog', '2020-04-21 08:57:00', 6, NULL, NULL, NULL, NULL);
INSERT INTO `file` VALUES (55, NULL, 12, NULL, 'localPath', '/Users/hly/IdeaProjects/March/target/March/image/12/blog/', '12_1587477467849_700', 'jpg', 247864, 'blog', '2020-04-21 08:57:48', 6, NULL, NULL, NULL, NULL);
INSERT INTO `file` VALUES (56, NULL, 10, NULL, 'localPath', '/Users/hly/IdeaProjects/March/target/March/image/10/blog/', '10_1587664710433_410', 'jpg', 179610, 'blog', '2020-04-23 12:58:30', 6, NULL, NULL, NULL, NULL);
INSERT INTO `file` VALUES (57, NULL, 10, NULL, 'localPath', '/Users/hly/IdeaProjects/March/target/March/image/10/blog/', '10_1587664788969_127', 'jpg', 184432, 'blog', '2020-04-23 12:59:49', 6, NULL, NULL, NULL, NULL);
INSERT INTO `file` VALUES (58, NULL, 10, NULL, 'localPath', '/Users/hly/IdeaProjects/March/target/March/image/10/blog/', '10_1587665306156_49', 'jpg', 356996, 'blog', '2020-04-23 13:08:26', 6, NULL, NULL, NULL, NULL);
INSERT INTO `file` VALUES (59, NULL, 10, NULL, 'localPath', '/Users/hly/IdeaProjects/March/target/March/image/10/blog/', '10_1587665319290_608', 'jpg', 228913, 'blog', '2020-04-23 13:08:39', 6, NULL, NULL, NULL, NULL);
INSERT INTO `file` VALUES (60, NULL, 12, NULL, 'localPath', '/Users/hly/IdeaProjects/March/target/March/image/12/blog/', '12_1587848242795_101', 'jpg', 179610, 'blog', '2020-04-25 15:57:23', 6, NULL, NULL, NULL, NULL);
INSERT INTO `file` VALUES (61, NULL, 10, NULL, 'localPath', '/Users/hly/IdeaProjects/March/target/March/image/10/blog/', '10_1587894282614_220', 'jpg', 179610, 'blog', '2020-04-26 04:44:43', 6, NULL, NULL, NULL, NULL);
INSERT INTO `file` VALUES (62, NULL, 10, NULL, 'localPath', '/Users/hly/IdeaProjects/March/target/March/image/10/blog/', '10_1587894318019_549', 'jpg', 228913, 'blog', '2020-04-26 04:45:18', 6, NULL, NULL, NULL, NULL);
INSERT INTO `file` VALUES (63, NULL, 10, NULL, 'localPath', '/Users/hly/IdeaProjects/March/target/March/image/10/blog/', '10_1587894334990_116', 'jpg', 433611, 'blog', '2020-04-26 04:45:35', 6, NULL, NULL, NULL, NULL);
INSERT INTO `file` VALUES (64, NULL, 10, NULL, 'localPath', '/Users/hly/IdeaProjects/March/target/March/image/10/blog/', '10_1587894351898_398', 'jpg', 433611, 'blog', '2020-04-26 04:45:52', 6, NULL, NULL, NULL, NULL);
INSERT INTO `file` VALUES (65, NULL, 12, NULL, 'localPath', '/Users/hly/IdeaProjects/March/target/March/image/12/blog/', '12_1587922081477_741', 'jpg', 433611, 'blog', '2020-04-26 12:28:01', 6, NULL, NULL, NULL, NULL);
INSERT INTO `file` VALUES (66, NULL, 12, NULL, 'localPath', '/Users/hly/IdeaProjects/March/target/March/image/12/blog/', '12_1588011717583_922', 'jpg', 356996, 'blog', '2020-04-27 13:21:58', 6, NULL, NULL, NULL, NULL);
INSERT INTO `file` VALUES (67, NULL, 12, NULL, 'localPath', '/Users/hly/IdeaProjects/March/target/March/image/12/blog/', '12_1588130938109_535', 'jpg', 356996, 'blog', '2020-04-28 22:28:58', 6, NULL, NULL, NULL, NULL);
INSERT INTO `file` VALUES (68, NULL, 12, NULL, 'localPath', '/Users/hly/IdeaProjects/March/target/March/image/12/blog/', '12_1588131048495_845', 'jpg', 179610, 'blog', '2020-04-28 22:30:48', 6, NULL, NULL, NULL, NULL);
INSERT INTO `file` VALUES (69, NULL, 12, NULL, 'localPath', '/Users/hly/IdeaProjects/March/target/March/image/12/blog/', '12_1588132631467_7', 'jpg', 179610, 'blog', '2020-04-28 22:57:11', 6, NULL, NULL, NULL, NULL);
INSERT INTO `file` VALUES (70, NULL, 12, NULL, 'localPath', '/Users/hly/IdeaProjects/March/target/March/image/12/blog/', '12_1588133703954_133', 'jpg', 179610, 'blog', '2020-04-28 23:15:04', 6, NULL, NULL, NULL, NULL);
INSERT INTO `file` VALUES (71, NULL, 12, NULL, 'localPath', '/Users/hly/IdeaProjects/March/target/March/image/12/blog/', '12_1588133884178_854', 'jpg', 184432, 'blog', '2020-04-28 23:18:04', 6, NULL, NULL, NULL, NULL);
INSERT INTO `file` VALUES (72, NULL, 12, NULL, 'localPath', '/Users/hly/IdeaProjects/upload/image/12/blog/', '12_1590643724168_184', 'jpg', 213361, 'blog', '2020-05-28 00:28:44', 6, NULL, NULL, NULL, NULL);
INSERT INTO `file` VALUES (73, NULL, 12, NULL, 'localPath', '/Users/hly/IdeaProjects/upload/image/12/blog/', '12_1590643941070_401', 'gif', 467939, 'blog', '2020-05-28 00:32:21', 6, NULL, NULL, NULL, NULL);
INSERT INTO `file` VALUES (74, NULL, 12, NULL, 'localPath', '/Users/hly/IdeaProjects/upload/image/12/blog/', '12_1590644409496_952', 'gif', 2910506, 'blog', '2020-05-28 00:40:09', 6, NULL, NULL, NULL, NULL);
INSERT INTO `file` VALUES (75, NULL, 12, NULL, 'localPath', '/Users/hly/IdeaProjects/upload/image/12/blog/', '12_1590646104518_32', 'gif', 2910506, 'blog', '2020-05-28 01:08:25', 6, NULL, NULL, NULL, NULL);
INSERT INTO `file` VALUES (76, NULL, 12, NULL, 'localPath', '/Users/hly/IdeaProjects/upload/image/12/blog/', '12_1590745768496_425', 'gif', 467939, 'blog', '2020-05-29 09:49:28', 6, NULL, NULL, NULL, NULL);
INSERT INTO `file` VALUES (77, NULL, 12, NULL, 'localPath', '/Users/hly/IdeaProjects/upload/image/12/blog/', '12_1590750141234_621', 'jpg', 213361, 'blog', '2020-05-29 11:02:21', 6, NULL, NULL, NULL, NULL);
INSERT INTO `file` VALUES (78, NULL, 12, NULL, 'localPath', '/Users/hly/IdeaProjects/upload/image/12/blog/', '12_1590750172887_45', 'png', 884021, 'blog', '2020-05-29 11:02:53', 6, NULL, NULL, NULL, NULL);
INSERT INTO `file` VALUES (79, NULL, 12, NULL, 'localPath', '/Users/hly/IdeaProjects/upload/image/12/blog/', '12_1590751039000_817', 'jpg', 213361, 'blog', '2020-05-29 11:17:19', 6, NULL, NULL, NULL, NULL);
INSERT INTO `file` VALUES (80, NULL, 12, NULL, 'localPath', '/Users/hly/IdeaProjects/upload/image/12/blog/', '12_1590751294957_412', 'jpg', 213361, 'blog', '2020-05-29 11:21:35', 6, NULL, NULL, NULL, NULL);
COMMIT;

-- ----------------------------
-- Table structure for server
-- ----------------------------
DROP TABLE IF EXISTS `server`;
CREATE TABLE `server` (
  `id` bigint unsigned NOT NULL AUTO_INCREMENT,
  `first_start_time` datetime DEFAULT NULL,
  `total_running_time` bigint DEFAULT NULL,
  `this_start_time` datetime DEFAULT NULL,
  `this_end_time` datetime DEFAULT NULL,
  `total_visitor_num` bigint DEFAULT NULL,
  `this_visitor_num` bigint DEFAULT NULL,
  `this_update_time` datetime DEFAULT NULL,
  PRIMARY KEY (`id`)
) ENGINE=InnoDB AUTO_INCREMENT=419 DEFAULT CHARSET=utf8 COLLATE=utf8_bin;

-- ----------------------------
-- Records of server
-- ----------------------------
BEGIN;
INSERT INTO `server` VALUES (178, '2020-04-27 13:40:08', 35715, '2020-04-27 13:40:08', '2020-04-27 23:35:24', 4, 4, '2020-04-27 23:35:24');
INSERT INTO `server` VALUES (198, '2020-04-27 13:40:08', 35835, '2020-04-29 02:42:48', '2020-04-29 02:42:48', 6, 0, '2020-04-29 02:42:48');
INSERT INTO `server` VALUES (199, '2020-04-27 13:40:08', 36375, '2020-04-29 02:43:59', '2020-04-29 02:52:59', 9, 3, '2020-04-29 02:52:59');
INSERT INTO `server` VALUES (200, '2020-04-27 13:40:08', 36915, '2020-04-29 02:54:16', '2020-04-29 03:03:16', 16, 7, '2020-04-29 03:03:16');
INSERT INTO `server` VALUES (201, '2020-04-27 13:40:08', 37095, '2020-04-29 03:06:48', '2020-04-29 03:09:48', 18, 2, '2020-04-29 03:09:48');
INSERT INTO `server` VALUES (202, '2020-04-27 13:40:08', 37275, '2020-04-29 03:10:21', '2020-04-29 03:13:21', 20, 2, '2020-04-29 03:13:21');
INSERT INTO `server` VALUES (203, '2020-04-27 13:40:08', 37455, '2020-04-29 03:14:18', '2020-04-29 03:17:18', 22, 2, '2020-04-29 03:17:18');
INSERT INTO `server` VALUES (204, '2020-04-27 13:40:08', 37575, '2020-04-29 03:17:38', '2020-04-29 03:19:39', 24, 2, '2020-04-29 03:19:39');
INSERT INTO `server` VALUES (205, '2020-04-27 13:40:08', 37695, '2020-04-29 03:20:11', '2020-04-29 03:22:11', 25, 1, '2020-04-29 03:22:11');
INSERT INTO `server` VALUES (206, '2020-04-27 13:40:08', 38595, '2020-04-29 03:22:23', '2020-04-29 03:37:23', 27, 2, '2020-04-29 03:37:23');
INSERT INTO `server` VALUES (207, '2020-04-27 13:40:08', 38655, '2020-04-29 03:39:06', '2020-04-29 03:40:06', 29, 2, '2020-04-29 03:40:06');
INSERT INTO `server` VALUES (208, '2020-04-27 13:40:08', 39075, '2020-04-29 03:40:39', '2020-04-29 03:47:39', 30, 1, '2020-04-29 03:47:39');
INSERT INTO `server` VALUES (209, '2020-04-27 13:40:08', 39375, '2020-04-29 03:47:49', '2020-04-29 03:52:49', 31, 1, '2020-04-29 03:52:49');
INSERT INTO `server` VALUES (210, '2020-04-27 13:40:08', 39915, '2020-04-29 03:53:36', '2020-04-29 04:02:36', 36, 5, '2020-04-29 04:02:36');
INSERT INTO `server` VALUES (211, '2020-04-27 13:40:08', 55591, '2020-04-29 04:03:01', '2020-04-29 08:24:17', 52, 16, '2020-04-29 08:24:17');
INSERT INTO `server` VALUES (212, '2020-04-27 13:40:08', 55591, '2020-04-30 05:19:28', '2020-04-30 05:19:28', 52, 0, '2020-04-30 05:19:28');
INSERT INTO `server` VALUES (213, '2020-04-27 13:40:08', 55591, '2020-04-30 12:37:04', '2020-04-30 12:37:04', 52, 0, '2020-04-30 12:37:04');
INSERT INTO `server` VALUES (214, '2020-04-27 13:40:08', 55591, '2020-05-22 06:10:33', '2020-05-22 06:10:33', 52, 0, '2020-05-22 06:10:33');
INSERT INTO `server` VALUES (416, '2020-04-27 13:40:08', 55592, '2020-05-29 10:51:22', '2020-05-29 10:51:23', 52, 0, '2020-05-29 10:51:23');
INSERT INTO `server` VALUES (417, '2020-04-27 13:40:08', 55593, '2020-05-29 10:51:44', '2020-05-29 10:51:45', 52, 0, '2020-05-29 10:51:45');
INSERT INTO `server` VALUES (418, '2020-04-27 13:40:08', 57994, '2020-05-29 11:00:09', '2020-05-29 11:40:11', 54, 2, '2020-05-29 11:40:11');
COMMIT;

-- ----------------------------
-- Table structure for sessions
-- ----------------------------
DROP TABLE IF EXISTS `sessions`;
CREATE TABLE `sessions` (
  `id` varchar(200) CHARACTER SET utf8 COLLATE utf8_general_ci NOT NULL,
  `session` varchar(5000) CHARACTER SET utf8 COLLATE utf8_general_ci DEFAULT NULL,
  `update_time` datetime DEFAULT NULL,
  `ip_address` varchar(255) DEFAULT NULL,
  `user_name` varchar(255) DEFAULT NULL,
  PRIMARY KEY (`id`)
) ENGINE=InnoDB DEFAULT CHARSET=utf8;

-- ----------------------------
-- Records of sessions
-- ----------------------------
BEGIN;
INSERT INTO `sessions` VALUES ('009cc703-7534-495a-8fbc-2a02dcab8666', 'rO0ABXNyACpvcmcuYXBhY2hlLnNoaXJvLnNlc3Npb24ubWd0LlNpbXBsZVNlc3Npb26dHKG41YxibgMAAHhwdwIAm3QAJDAwOWNjNzAzLTc1MzQtNDk1YS04ZmJjLTJhMDJkY2FiODY2NnNyAA5qYXZhLnV0aWwuRGF0ZWhqgQFLWXQZAwAAeHB3CAAAAXJU5GsReHEAfgAEdwgAAAAAABt3QHNyABFqYXZhLnV0aWwuSGFzaE1hcAUH2sHDFmDRAwACRgAKbG9hZEZhY3RvckkACXRocmVzaG9sZHhwP0AAAAAAAAx3CAAAABAAAAABdAATU0VTU0lPTl9VUERBVEVfRkFMR3NxAH4AA3cIAAABclTkaxF4eHg=', '2020-05-27 01:49:15', NULL, NULL);
INSERT INTO `sessions` VALUES ('02be9798-39c4-4598-8fa0-7e35dcd4fb61', 'rO0ABXNyACpvcmcuYXBhY2hlLnNoaXJvLnNlc3Npb24ubWd0LlNpbXBsZVNlc3Npb26dHKG41YxibgMAAHhwdwIA23QAJDAyYmU5Nzk4LTM5YzQtNDU5OC04ZmEwLTdlMzVkY2Q0ZmI2MXNyAA5qYXZhLnV0aWwuRGF0ZWhqgQFLWXQZAwAAeHB3CAAAAXJU2/lAeHEAfgAEdxkAAAAAABt3QAAPMDowOjA6MDowOjA6MDoxc3IAEWphdmEudXRpbC5IYXNoTWFwBQfawcMWYNEDAAJGAApsb2FkRmFjdG9ySQAJdGhyZXNob2xkeHA/QAAAAAAADHcIAAAAEAAAAAF0ABNTRVNTSU9OX1VQREFURV9GQUxHc3EAfgADdwgAAAFyVNv5QXh4eA==', '2020-05-27 01:40:02', NULL, NULL);
INSERT INTO `sessions` VALUES ('04ade6dd-9ec8-44b8-a2f3-34636eb9f074', 'rO0ABXNyACpvcmcuYXBhY2hlLnNoaXJvLnNlc3Npb24ubWd0LlNpbXBsZVNlc3Npb26dHKG41YxibgMAAHhwdwIAm3QAJDA0YWRlNmRkLTllYzgtNDRiOC1hMmYzLTM0NjM2ZWI5ZjA3NHNyAA5qYXZhLnV0aWwuRGF0ZWhqgQFLWXQZAwAAeHB3CAAAAXJf1iH6eHEAfgAEdwgAAAAAABt3QHNyABFqYXZhLnV0aWwuSGFzaE1hcAUH2sHDFmDRAwACRgAKbG9hZEZhY3RvckkACXRocmVzaG9sZHhwP0AAAAAAAAx3CAAAABAAAAABdAATU0VTU0lPTl9VUERBVEVfRkFMR3NxAH4AA3cIAAABcl/WIft4eHg=', '2020-05-29 09:49:28', NULL, NULL);
INSERT INTO `sessions` VALUES ('04f98556-2798-45e4-81a6-012ba737b39d', 'rO0ABXNyACpvcmcuYXBhY2hlLnNoaXJvLnNlc3Npb24ubWd0LlNpbXBsZVNlc3Npb26dHKG41YxibgMAAHhwdwIA23QAJDA0Zjk4NTU2LTI3OTgtNDVlNC04MWE2LTAxMmJhNzM3YjM5ZHNyAA5qYXZhLnV0aWwuRGF0ZWhqgQFLWXQZAwAAeHB3CAAAAXJWV3HueHEAfgAEdxkAAAAAABt3QAAPMDowOjA6MDowOjA6MDoxc3IAEWphdmEudXRpbC5IYXNoTWFwBQfawcMWYNEDAAJGAApsb2FkRmFjdG9ySQAJdGhyZXNob2xkeHA/QAAAAAAADHcIAAAAEAAAAAF0ABNTRVNTSU9OX1VQREFURV9GQUxHc3EAfgADdwgAAAFyVldx7nh4eA==', '2020-05-27 08:34:31', NULL, NULL);
INSERT INTO `sessions` VALUES ('050ae11e-d2dc-4a54-8602-80565aef1913', 'rO0ABXNyACpvcmcuYXBhY2hlLnNoaXJvLnNlc3Npb24ubWd0LlNpbXBsZVNlc3Npb26dHKG41YxibgMAAHhwdwIAm3QAJDA1MGFlMTFlLWQyZGMtNGE1NC04NjAyLTgwNTY1YWVmMTkxM3NyAA5qYXZhLnV0aWwuRGF0ZWhqgQFLWXQZAwAAeHB3CAAAAXJU6LuaeHEAfgAEdwgAAAAAABt3QHNyABFqYXZhLnV0aWwuSGFzaE1hcAUH2sHDFmDRAwACRgAKbG9hZEZhY3RvckkACXRocmVzaG9sZHhwP0AAAAAAAAx3CAAAABAAAAABdAATU0VTU0lPTl9VUERBVEVfRkFMR3NxAH4AA3cIAAABclTou5p4eHg=', '2020-05-27 01:53:58', NULL, NULL);
INSERT INTO `sessions` VALUES ('09c8ab8a-09d7-4b19-bcc6-b89ca88f32ed', 'rO0ABXNyACpvcmcuYXBhY2hlLnNoaXJvLnNlc3Npb24ubWd0LlNpbXBsZVNlc3Npb26dHKG41YxibgMAAHhwdwIAm3QAJDA5YzhhYjhhLTA5ZDctNGIxOS1iY2M2LWI4OWNhODhmMzJlZHNyAA5qYXZhLnV0aWwuRGF0ZWhqgQFLWXQZAwAAeHB3CAAAAXJVIue/eHEAfgAEdwgAAAAAABt3QHNyABFqYXZhLnV0aWwuSGFzaE1hcAUH2sHDFmDRAwACRgAKbG9hZEZhY3RvckkACXRocmVzaG9sZHhwP0AAAAAAAAx3CAAAABAAAAABdAATU0VTU0lPTl9VUERBVEVfRkFMR3NxAH4AA3cIAAABclUi58R4eHg=', '2020-05-27 02:57:30', NULL, NULL);
INSERT INTO `sessions` VALUES ('09e28c57-a85d-45b5-9044-657ba7accb2c', 'rO0ABXNyACpvcmcuYXBhY2hlLnNoaXJvLnNlc3Npb24ubWd0LlNpbXBsZVNlc3Npb26dHKG41YxibgMAAHhwdwIAm3QAJDA5ZTI4YzU3LWE4NWQtNDViNS05MDQ0LTY1N2JhN2FjY2IyY3NyAA5qYXZhLnV0aWwuRGF0ZWhqgQFLWXQZAwAAeHB3CAAAAXJVIufCeHEAfgAEdwgAAAAAABt3QHNyABFqYXZhLnV0aWwuSGFzaE1hcAUH2sHDFmDRAwACRgAKbG9hZEZhY3RvckkACXRocmVzaG9sZHhwP0AAAAAAAAx3CAAAABAAAAABdAATU0VTU0lPTl9VUERBVEVfRkFMR3NxAH4AA3cIAAABclUi58R4eHg=', '2020-05-27 02:57:30', NULL, NULL);
INSERT INTO `sessions` VALUES ('0b0e761e-d7da-4205-ab32-14aa3d2bbb23', 'rO0ABXNyACpvcmcuYXBhY2hlLnNoaXJvLnNlc3Npb24ubWd0LlNpbXBsZVNlc3Npb26dHKG41YxibgMAAHhwdwIAm3QAJDBiMGU3NjFlLWQ3ZGEtNDIwNS1hYjMyLTE0YWEzZDJiYmIyM3NyAA5qYXZhLnV0aWwuRGF0ZWhqgQFLWXQZAwAAeHB3CAAAAXJUVLEEeHEAfgAEdwgAAAAAABt3QHNyABFqYXZhLnV0aWwuSGFzaE1hcAUH2sHDFmDRAwACRgAKbG9hZEZhY3RvckkACXRocmVzaG9sZHhwP0AAAAAAAAx3CAAAABAAAAABdAATU0VTU0lPTl9VUERBVEVfRkFMR3NxAH4AA3cIAAABclRUsQR4eHg=', '2020-05-26 23:12:16', NULL, NULL);
INSERT INTO `sessions` VALUES ('0b723fa7-242b-4c7d-9b02-1fe5360a29e6', 'rO0ABXNyACpvcmcuYXBhY2hlLnNoaXJvLnNlc3Npb24ubWd0LlNpbXBsZVNlc3Npb26dHKG41YxibgMAAHhwdwIAm3QAJDBiNzIzZmE3LTI0MmItNGM3ZC05YjAyLTFmZTUzNjBhMjllNnNyAA5qYXZhLnV0aWwuRGF0ZWhqgQFLWXQZAwAAeHB3CAAAAXJUQ9cDeHEAfgAEdwgAAAAAABt3QHNyABFqYXZhLnV0aWwuSGFzaE1hcAUH2sHDFmDRAwACRgAKbG9hZEZhY3RvckkACXRocmVzaG9sZHhwP0AAAAAAAAx3CAAAABAAAAABdAATU0VTU0lPTl9VUERBVEVfRkFMR3NxAH4AA3cIAAABclRD1wR4eHg=', '2020-05-26 22:53:52', NULL, NULL);
INSERT INTO `sessions` VALUES ('0ec44b59-f90b-4050-9ee6-25e5522f0c69', 'rO0ABXNyACpvcmcuYXBhY2hlLnNoaXJvLnNlc3Npb24ubWd0LlNpbXBsZVNlc3Npb26dHKG41YxibgMAAHhwdwIA23QAJDBlYzQ0YjU5LWY5MGItNDA1MC05ZWU2LTI1ZTU1MjJmMGM2OXNyAA5qYXZhLnV0aWwuRGF0ZWhqgQFLWXQZAwAAeHB3CAAAAXJU98jQeHEAfgAEdxkAAAAAABt3QAAPMDowOjA6MDowOjA6MDoxc3IAEWphdmEudXRpbC5IYXNoTWFwBQfawcMWYNEDAAJGAApsb2FkRmFjdG9ySQAJdGhyZXNob2xkeHA/QAAAAAAADHcIAAAAEAAAAAF0ABNTRVNTSU9OX1VQREFURV9GQUxHc3EAfgADdwgAAAFyVPfI0Hh4eA==', '2020-05-27 02:10:24', NULL, NULL);
INSERT INTO `sessions` VALUES ('104b058c-696f-4df1-8da8-0f1ea16c217e', 'rO0ABXNyACpvcmcuYXBhY2hlLnNoaXJvLnNlc3Npb24ubWd0LlNpbXBsZVNlc3Npb26dHKG41YxibgMAAHhwdwIAm3QAJDEwNGIwNThjLTY5NmYtNGRmMS04ZGE4LTBmMWVhMTZjMjE3ZXNyAA5qYXZhLnV0aWwuRGF0ZWhqgQFLWXQZAwAAeHB3CAAAAXJZ6CEDeHEAfgAEdwgAAAAAABt3QHNyABFqYXZhLnV0aWwuSGFzaE1hcAUH2sHDFmDRAwACRgAKbG9hZEZhY3RvckkACXRocmVzaG9sZHhwP0AAAAAAAAx3CAAAABAAAAABdAATU0VTU0lPTl9VUERBVEVfRkFMR3NxAH4AA3cIAAABclnoIQN4eHg=', '2020-05-28 01:11:25', NULL, NULL);
INSERT INTO `sessions` VALUES ('10cbf064-001f-4974-8ac8-463dfc65ee21', 'rO0ABXNyACpvcmcuYXBhY2hlLnNoaXJvLnNlc3Npb24ubWd0LlNpbXBsZVNlc3Npb26dHKG41YxibgMAAHhwdwIAm3QAJDEwY2JmMDY0LTAwMWYtNDk3NC04YWM4LTQ2M2RmYzY1ZWUyMXNyAA5qYXZhLnV0aWwuRGF0ZWhqgQFLWXQZAwAAeHB3CAAAAXJVIue5eHEAfgAEdwgAAAAAABt3QHNyABFqYXZhLnV0aWwuSGFzaE1hcAUH2sHDFmDRAwACRgAKbG9hZEZhY3RvckkACXRocmVzaG9sZHhwP0AAAAAAAAx3CAAAABAAAAABdAATU0VTU0lPTl9VUERBVEVfRkFMR3NxAH4AA3cIAAABclUi57l4eHg=', '2020-05-27 02:57:30', NULL, NULL);
INSERT INTO `sessions` VALUES ('149b3718-021c-4301-b999-2abfaabdc8d1', 'rO0ABXNyACpvcmcuYXBhY2hlLnNoaXJvLnNlc3Npb24ubWd0LlNpbXBsZVNlc3Npb26dHKG41YxibgMAAHhwdwIAm3QAJDE0OWIzNzE4LTAyMWMtNDMwMS1iOTk5LTJhYmZhYWJkYzhkMXNyAA5qYXZhLnV0aWwuRGF0ZWhqgQFLWXQZAwAAeHB3CAAAAXJULiQceHEAfgAEdwgAAAAAABt3QHNyABFqYXZhLnV0aWwuSGFzaE1hcAUH2sHDFmDRAwACRgAKbG9hZEZhY3RvckkACXRocmVzaG9sZHhwP0AAAAAAAAx3CAAAABAAAAABdAATU0VTU0lPTl9VUERBVEVfRkFMR3NyAA5qYXZhLmxhbmcuTG9uZzuL5JDMjyPfAgABSgAFdmFsdWV4cgAQamF2YS5sYW5nLk51bWJlcoaslR0LlOCLAgAAeHAAAAFyVC4kHHh4', '2020-05-26 22:30:10', NULL, NULL);
INSERT INTO `sessions` VALUES ('14f92ed7-fc0b-489e-9962-e8222d97e65f', 'rO0ABXNyACpvcmcuYXBhY2hlLnNoaXJvLnNlc3Npb24ubWd0LlNpbXBsZVNlc3Npb26dHKG41YxibgMAAHhwdwIAm3QAJDE0ZjkyZWQ3LWZjMGItNDg5ZS05OTYyLWU4MjIyZDk3ZTY1ZnNyAA5qYXZhLnV0aWwuRGF0ZWhqgQFLWXQZAwAAeHB3CAAAAXJUP+cteHEAfgAEdwgAAAAAABt3QHNyABFqYXZhLnV0aWwuSGFzaE1hcAUH2sHDFmDRAwACRgAKbG9hZEZhY3RvckkACXRocmVzaG9sZHhwP0AAAAAAAAx3CAAAABAAAAABdAATU0VTU0lPTl9VUERBVEVfRkFMR3NyAA5qYXZhLmxhbmcuTG9uZzuL5JDMjyPfAgABSgAFdmFsdWV4cgAQamF2YS5sYW5nLk51bWJlcoaslR0LlOCLAgAAeHAAAAFyVD/nLXh4', '2020-05-26 22:49:34', NULL, NULL);
INSERT INTO `sessions` VALUES ('15b3b902-3780-45cf-a052-de366c2f2f02', 'rO0ABXNyACpvcmcuYXBhY2hlLnNoaXJvLnNlc3Npb24ubWd0LlNpbXBsZVNlc3Npb26dHKG41YxibgMAAHhwdwIAm3QAJDE1YjNiOTAyLTM3ODAtNDVjZi1hMDUyLWRlMzY2YzJmMmYwMnNyAA5qYXZhLnV0aWwuRGF0ZWhqgQFLWXQZAwAAeHB3CAAAAXJZvg7TeHEAfgAEdwgAAAAAABt3QHNyABFqYXZhLnV0aWwuSGFzaE1hcAUH2sHDFmDRAwACRgAKbG9hZEZhY3RvckkACXRocmVzaG9sZHhwP0AAAAAAAAx3CAAAABAAAAABdAATU0VTU0lPTl9VUERBVEVfRkFMR3NxAH4AA3cIAAABclm+DtN4eHg=', '2020-05-28 00:25:27', NULL, NULL);
INSERT INTO `sessions` VALUES ('160eda7f-9726-4bcf-b962-cab0af06cbd4', 'rO0ABXNyACpvcmcuYXBhY2hlLnNoaXJvLnNlc3Npb24ubWd0LlNpbXBsZVNlc3Npb26dHKG41YxibgMAAHhwdwIA23QAJDE2MGVkYTdmLTk3MjYtNGJjZi1iOTYyLWNhYjBhZjA2Y2JkNHNyAA5qYXZhLnV0aWwuRGF0ZWhqgQFLWXQZAwAAeHB3CAAAAXJWQ5weeHEAfgAEdxkAAAAAABt3QAAPMDowOjA6MDowOjA6MDoxc3IAEWphdmEudXRpbC5IYXNoTWFwBQfawcMWYNEDAAJGAApsb2FkRmFjdG9ySQAJdGhyZXNob2xkeHA/QAAAAAAADHcIAAAAEAAAAAF0ABNTRVNTSU9OX1VQREFURV9GQUxHc3EAfgADdwgAAAFyVkOcH3h4eA==', '2020-05-27 08:12:51', NULL, NULL);
INSERT INTO `sessions` VALUES ('17915c3f-6dc3-4cb0-b8d3-7df0d8d949f0', 'rO0ABXNyACpvcmcuYXBhY2hlLnNoaXJvLnNlc3Npb24ubWd0LlNpbXBsZVNlc3Npb26dHKG41YxibgMAAHhwdwIAm3QAJDE3OTE1YzNmLTZkYzMtNGNiMC1iOGQzLTdkZjBkOGQ5NDlmMHNyAA5qYXZhLnV0aWwuRGF0ZWhqgQFLWXQZAwAAeHB3CAAAAXJZfospeHEAfgAEdwgAAAAAABt3QHNyABFqYXZhLnV0aWwuSGFzaE1hcAUH2sHDFmDRAwACRgAKbG9hZEZhY3RvckkACXRocmVzaG9sZHhwP0AAAAAAAAx3CAAAABAAAAABdAATU0VTU0lPTl9VUERBVEVfRkFMR3NxAH4AA3cIAAABcll+iyp4eHg=', '2020-05-27 23:16:05', NULL, NULL);
INSERT INTO `sessions` VALUES ('17e7100f-4a15-4cad-9fa0-6f2447ed6d63', 'rO0ABXNyACpvcmcuYXBhY2hlLnNoaXJvLnNlc3Npb24ubWd0LlNpbXBsZVNlc3Npb26dHKG41YxibgMAAHhwdwIAm3QAJDE3ZTcxMDBmLTRhMTUtNGNhZC05ZmEwLTZmMjQ0N2VkNmQ2M3NyAA5qYXZhLnV0aWwuRGF0ZWhqgQFLWXQZAwAAeHB3CAAAAXJZm2+yeHEAfgAEdwgAAAAAABt3QHNyABFqYXZhLnV0aWwuSGFzaE1hcAUH2sHDFmDRAwACRgAKbG9hZEZhY3RvckkACXRocmVzaG9sZHhwP0AAAAAAAAx3CAAAABAAAAABdAATU0VTU0lPTl9VUERBVEVfRkFMR3NxAH4AA3cIAAABclmbb7J4eHg=', '2020-05-27 23:47:38', NULL, NULL);
INSERT INTO `sessions` VALUES ('197c1a55-3c92-4357-8b23-8238cfab9bb8', 'rO0ABXNyACpvcmcuYXBhY2hlLnNoaXJvLnNlc3Npb24ubWd0LlNpbXBsZVNlc3Npb26dHKG41YxibgMAAHhwdwIAm3QAJDE5N2MxYTU1LTNjOTItNDM1Ny04YjIzLTgyMzhjZmFiOWJiOHNyAA5qYXZhLnV0aWwuRGF0ZWhqgQFLWXQZAwAAeHB3CAAAAXJVIue3eHEAfgAEdwgAAAAAABt3QHNyABFqYXZhLnV0aWwuSGFzaE1hcAUH2sHDFmDRAwACRgAKbG9hZEZhY3RvckkACXRocmVzaG9sZHhwP0AAAAAAAAx3CAAAABAAAAABdAATU0VTU0lPTl9VUERBVEVfRkFMR3NxAH4AA3cIAAABclUi57h4eHg=', '2020-05-27 02:57:30', NULL, NULL);
INSERT INTO `sessions` VALUES ('1c14839b-06b2-456f-bb72-386e9d6cefff', 'rO0ABXNyACpvcmcuYXBhY2hlLnNoaXJvLnNlc3Npb24ubWd0LlNpbXBsZVNlc3Npb26dHKG41YxibgMAAHhwdwIA23QAJDFjMTQ4MzliLTA2YjItNDU2Zi1iYjcyLTM4NmU5ZDZjZWZmZnNyAA5qYXZhLnV0aWwuRGF0ZWhqgQFLWXQZAwAAeHB3CAAAAXJW89UJeHEAfgAEdxkAAAAAABt3QAAPMDowOjA6MDowOjA6MDoxc3IAEWphdmEudXRpbC5IYXNoTWFwBQfawcMWYNEDAAJGAApsb2FkRmFjdG9ySQAJdGhyZXNob2xkeHA/QAAAAAAADHcIAAAAEAAAAAF0ABNTRVNTSU9OX1VQREFURV9GQUxHc3EAfgADdwgAAAFyVvPVCXh4eA==', '2020-05-27 11:25:20', NULL, NULL);
INSERT INTO `sessions` VALUES ('1e0faf4e-6c5c-4796-9286-c23bbfbd624e', 'rO0ABXNyACpvcmcuYXBhY2hlLnNoaXJvLnNlc3Npb24ubWd0LlNpbXBsZVNlc3Npb26dHKG41YxibgMAAHhwdwIA23QAJDFlMGZhZjRlLTZjNWMtNDc5Ni05Mjg2LWMyM2JiZmJkNjI0ZXNyAA5qYXZhLnV0aWwuRGF0ZWhqgQFLWXQZAwAAeHB3CAAAAXJW1rzGeHEAfgAEdxkAAAAAABt3QAAPMDowOjA6MDowOjA6MDoxc3IAEWphdmEudXRpbC5IYXNoTWFwBQfawcMWYNEDAAJGAApsb2FkRmFjdG9ySQAJdGhyZXNob2xkeHA/QAAAAAAADHcIAAAAEAAAAAF0ABNTRVNTSU9OX1VQREFURV9GQUxHc3EAfgADdwgAAAFyVta8xnh4eA==', '2020-05-27 10:53:33', NULL, NULL);
INSERT INTO `sessions` VALUES ('1e3fd8b3-8b6b-4648-8f36-7d7597414430', 'rO0ABXNyACpvcmcuYXBhY2hlLnNoaXJvLnNlc3Npb24ubWd0LlNpbXBsZVNlc3Npb26dHKG41YxibgMAAHhwdwIA23QAJDFlM2ZkOGIzLThiNmItNDY0OC04ZjM2LTdkNzU5NzQxNDQzMHNyAA5qYXZhLnV0aWwuRGF0ZWhqgQFLWXQZAwAAeHB3CAAAAXJgCL/ceHEAfgAEdxkAAAAAABt3QAAPMDowOjA6MDowOjA6MDoxc3IAEWphdmEudXRpbC5IYXNoTWFwBQfawcMWYNEDAAJGAApsb2FkRmFjdG9ySQAJdGhyZXNob2xkeHA/QAAAAAAADHcIAAAAEAAAAAF0ABNTRVNTSU9OX1VQREFURV9GQUxHc3EAfgADdwgAAAFyYAi/3Hh4eA==', '2020-05-29 10:44:46', NULL, NULL);
INSERT INTO `sessions` VALUES ('1e4d8718-8203-4e9d-86a9-7aa60e382bc7', 'rO0ABXNyACpvcmcuYXBhY2hlLnNoaXJvLnNlc3Npb24ubWd0LlNpbXBsZVNlc3Npb26dHKG41YxibgMAAHhwdwIAm3QAJDFlNGQ4NzE4LTgyMDMtNGU5ZC04NmE5LTdhYTYwZTM4MmJjN3NyAA5qYXZhLnV0aWwuRGF0ZWhqgQFLWXQZAwAAeHB3CAAAAXJVIuezeHEAfgAEdwgAAAAAABt3QHNyABFqYXZhLnV0aWwuSGFzaE1hcAUH2sHDFmDRAwACRgAKbG9hZEZhY3RvckkACXRocmVzaG9sZHhwP0AAAAAAAAx3CAAAABAAAAABdAATU0VTU0lPTl9VUERBVEVfRkFMR3NxAH4AA3cIAAABclUi57N4eHg=', '2020-05-27 02:57:30', NULL, NULL);
INSERT INTO `sessions` VALUES ('1eeb0534-ab9e-4e7e-9434-d7866e15ebf5', 'rO0ABXNyACpvcmcuYXBhY2hlLnNoaXJvLnNlc3Npb24ubWd0LlNpbXBsZVNlc3Npb26dHKG41YxibgMAAHhwdwIA23QAJDFlZWIwNTM0LWFiOWUtNGU3ZS05NDM0LWQ3ODY2ZTE1ZWJmNXNyAA5qYXZhLnV0aWwuRGF0ZWhqgQFLWXQZAwAAeHB3CAAAAXJW/ULzeHEAfgAEdxkAAAAAABt3QAAPMDowOjA6MDowOjA6MDoxc3IAEWphdmEudXRpbC5IYXNoTWFwBQfawcMWYNEDAAJGAApsb2FkRmFjdG9ySQAJdGhyZXNob2xkeHA/QAAAAAAADHcIAAAAEAAAAAF0ABNTRVNTSU9OX1VQREFURV9GQUxHc3EAfgADdwgAAAFyVv1C83h4eA==', '2020-05-27 11:35:38', NULL, NULL);
INSERT INTO `sessions` VALUES ('22085614-a0e9-4931-8627-b51cb2152950', 'rO0ABXNyACpvcmcuYXBhY2hlLnNoaXJvLnNlc3Npb24ubWd0LlNpbXBsZVNlc3Npb26dHKG41YxibgMAAHhwdwIAm3QAJDIyMDg1NjE0LWEwZTktNDkzMS04NjI3LWI1MWNiMjE1Mjk1MHNyAA5qYXZhLnV0aWwuRGF0ZWhqgQFLWXQZAwAAeHB3CAAAAXJZ9JJdeHEAfgAEdwgAAAAAABt3QHNyABFqYXZhLnV0aWwuSGFzaE1hcAUH2sHDFmDRAwACRgAKbG9hZEZhY3RvckkACXRocmVzaG9sZHhwP0AAAAAAAAx3CAAAABAAAAABdAATU0VTU0lPTl9VUERBVEVfRkFMR3NxAH4AA3cIAAABcln0kl14eHg=', '2020-05-28 01:25:00', NULL, NULL);
INSERT INTO `sessions` VALUES ('23e6cacc-5dac-451a-885f-427208e13fe9', 'rO0ABXNyACpvcmcuYXBhY2hlLnNoaXJvLnNlc3Npb24ubWd0LlNpbXBsZVNlc3Npb26dHKG41YxibgMAAHhwdwIAm3QAJDIzZTZjYWNjLTVkYWMtNDUxYS04ODVmLTQyNzIwOGUxM2ZlOXNyAA5qYXZhLnV0aWwuRGF0ZWhqgQFLWXQZAwAAeHB3CAAAAXJZm2DVeHEAfgAEdwgAAAAAABt3QHNyABFqYXZhLnV0aWwuSGFzaE1hcAUH2sHDFmDRAwACRgAKbG9hZEZhY3RvckkACXRocmVzaG9sZHhwP0AAAAAAAAx3CAAAABAAAAABdAATU0VTU0lPTl9VUERBVEVfRkFMR3NxAH4AA3cIAAABclmbYNV4eHg=', '2020-05-27 23:47:35', NULL, NULL);
INSERT INTO `sessions` VALUES ('24cad12c-0282-4b84-90f7-a7ffaf1842e8', 'rO0ABXNyACpvcmcuYXBhY2hlLnNoaXJvLnNlc3Npb24ubWd0LlNpbXBsZVNlc3Npb26dHKG41YxibgMAAHhwdwIAm3QAJDI0Y2FkMTJjLTAyODItNGI4NC05MGY3LWE3ZmZhZjE4NDJlOHNyAA5qYXZhLnV0aWwuRGF0ZWhqgQFLWXQZAwAAeHB3CAAAAXJUSMjfeHEAfgAEdwgAAAAAABt3QHNyABFqYXZhLnV0aWwuSGFzaE1hcAUH2sHDFmDRAwACRgAKbG9hZEZhY3RvckkACXRocmVzaG9sZHhwP0AAAAAAAAx3CAAAABAAAAABdAATU0VTU0lPTl9VUERBVEVfRkFMR3NxAH4AA3cIAAABclRIyN94eHg=', '2020-05-26 22:59:16', NULL, NULL);
INSERT INTO `sessions` VALUES ('25776fd6-e31e-44af-bc42-bae2cee41199', 'rO0ABXNyACpvcmcuYXBhY2hlLnNoaXJvLnNlc3Npb24ubWd0LlNpbXBsZVNlc3Npb26dHKG41YxibgMAAHhwdwIAm3QAJDI1Nzc2ZmQ2LWUzMWUtNDRhZi1iYzQyLWJhZTJjZWU0MTE5OXNyAA5qYXZhLnV0aWwuRGF0ZWhqgQFLWXQZAwAAeHB3CAAAAXJVKvRaeHEAfgAEdwgAAAAAABt3QHNyABFqYXZhLnV0aWwuSGFzaE1hcAUH2sHDFmDRAwACRgAKbG9hZEZhY3RvckkACXRocmVzaG9sZHhwP0AAAAAAAAx3CAAAABAAAAABdAATU0VTU0lPTl9VUERBVEVfRkFMR3NxAH4AA3cIAAABclUq9Fp4eHg=', '2020-05-27 03:06:18', NULL, NULL);
INSERT INTO `sessions` VALUES ('259cd6a3-ebf8-4ac6-8b0e-952879d383f7', 'rO0ABXNyACpvcmcuYXBhY2hlLnNoaXJvLnNlc3Npb24ubWd0LlNpbXBsZVNlc3Npb26dHKG41YxibgMAAHhwdwIAm3QAJDI1OWNkNmEzLWViZjgtNGFjNi04YjBlLTk1Mjg3OWQzODNmN3NyAA5qYXZhLnV0aWwuRGF0ZWhqgQFLWXQZAwAAeHB3CAAAAXJZm2DTeHEAfgAEdwgAAAAAABt3QHNyABFqYXZhLnV0aWwuSGFzaE1hcAUH2sHDFmDRAwACRgAKbG9hZEZhY3RvckkACXRocmVzaG9sZHhwP0AAAAAAAAx3CAAAABAAAAABdAATU0VTU0lPTl9VUERBVEVfRkFMR3NxAH4AA3cIAAABclmbYNR4eHg=', '2020-05-27 23:47:35', NULL, NULL);
INSERT INTO `sessions` VALUES ('25fcb8d3-e0f8-488b-8980-b5f8d85131f6', 'rO0ABXNyACpvcmcuYXBhY2hlLnNoaXJvLnNlc3Npb24ubWd0LlNpbXBsZVNlc3Npb26dHKG41YxibgMAAHhwdwIAm3QAJDI1ZmNiOGQzLWUwZjgtNDg4Yi04OTgwLWI1ZjhkODUxMzFmNnNyAA5qYXZhLnV0aWwuRGF0ZWhqgQFLWXQZAwAAeHB3CAAAAXJU3pMdeHEAfgAEdwgAAAAAABt3QHNyABFqYXZhLnV0aWwuSGFzaE1hcAUH2sHDFmDRAwACRgAKbG9hZEZhY3RvckkACXRocmVzaG9sZHhwP0AAAAAAAAx3CAAAABAAAAABdAATU0VTU0lPTl9VUERBVEVfRkFMR3NxAH4AA3cIAAABclTekx14eHg=', '2020-05-27 01:42:52', NULL, NULL);
INSERT INTO `sessions` VALUES ('2667d40e-4f69-48c4-a9b7-a32b6021b8cf', 'rO0ABXNyACpvcmcuYXBhY2hlLnNoaXJvLnNlc3Npb24ubWd0LlNpbXBsZVNlc3Npb26dHKG41YxibgMAAHhwdwIAm3QAJDI2NjdkNDBlLTRmNjktNDhjNC1hOWI3LWEzMmI2MDIxYjhjZnNyAA5qYXZhLnV0aWwuRGF0ZWhqgQFLWXQZAwAAeHB3CAAAAXJW+mHzeHEAfgAEdwgAAAAAABt3QHNyABFqYXZhLnV0aWwuSGFzaE1hcAUH2sHDFmDRAwACRgAKbG9hZEZhY3RvckkACXRocmVzaG9sZHhwP0AAAAAAAAx3CAAAABAAAAABdAATU0VTU0lPTl9VUERBVEVfRkFMR3NxAH4AA3cIAAABclb6YfR4eHg=', '2020-05-27 11:32:29', NULL, NULL);
INSERT INTO `sessions` VALUES ('268745c2-6fd1-4f7c-9b51-e08a1e983a83', 'rO0ABXNyACpvcmcuYXBhY2hlLnNoaXJvLnNlc3Npb24ubWd0LlNpbXBsZVNlc3Npb26dHKG41YxibgMAAHhwdwIAm3QAJDI2ODc0NWMyLTZmZDEtNGY3Yy05YjUxLWUwOGExZTk4M2E4M3NyAA5qYXZhLnV0aWwuRGF0ZWhqgQFLWXQZAwAAeHB3CAAAAXJVIueWeHEAfgAEdwgAAAAAABt3QHNyABFqYXZhLnV0aWwuSGFzaE1hcAUH2sHDFmDRAwACRgAKbG9hZEZhY3RvckkACXRocmVzaG9sZHhwP0AAAAAAAAx3CAAAABAAAAABdAATU0VTU0lPTl9VUERBVEVfRkFMR3NxAH4AA3cIAAABclUi55Z4eHg=', '2020-05-27 02:57:30', NULL, NULL);
INSERT INTO `sessions` VALUES ('2a377c83-b6b9-4401-9fd2-3e484fd9c845', 'rO0ABXNyACpvcmcuYXBhY2hlLnNoaXJvLnNlc3Npb24ubWd0LlNpbXBsZVNlc3Npb26dHKG41YxibgMAAHhwdwIA23QAJDJhMzc3YzgzLWI2YjktNDQwMS05ZmQyLTNlNDg0ZmQ5Yzg0NXNyAA5qYXZhLnV0aWwuRGF0ZWhqgQFLWXQZAwAAeHB3CAAAAXJfukfUeHEAfgAEdxkAAAAAABt3QAAPMDowOjA6MDowOjA6MDoxc3IAEWphdmEudXRpbC5IYXNoTWFwBQfawcMWYNEDAAJGAApsb2FkRmFjdG9ySQAJdGhyZXNob2xkeHA/QAAAAAAADHcIAAAAEAAAAAF0ABNTRVNTSU9OX1VQREFURV9GQUxHc3EAfgADdwgAAAFyX7pH1Xh4eA==', '2020-05-29 09:19:03', NULL, NULL);
INSERT INTO `sessions` VALUES ('2bffb36b-87a0-4810-a8fc-b4a6a1e3402c', 'rO0ABXNyACpvcmcuYXBhY2hlLnNoaXJvLnNlc3Npb24ubWd0LlNpbXBsZVNlc3Npb26dHKG41YxibgMAAHhwdwIA23QAJDJiZmZiMzZiLTg3YTAtNDgxMC1hOGZjLWI0YTZhMWUzNDAyY3NyAA5qYXZhLnV0aWwuRGF0ZWhqgQFLWXQZAwAAeHB3CAAAAXJVqS15eHEAfgAEdxkAAAAAABt3QAAPMDowOjA6MDowOjA6MDoxc3IAEWphdmEudXRpbC5IYXNoTWFwBQfawcMWYNEDAAJGAApsb2FkRmFjdG9ySQAJdGhyZXNob2xkeHA/QAAAAAAADHcIAAAAEAAAAAF0ABNTRVNTSU9OX1VQREFURV9GQUxHc3EAfgADdwgAAAFyVakteXh4eA==', '2020-05-27 05:24:10', NULL, NULL);
INSERT INTO `sessions` VALUES ('2c8a67dc-9ed7-4115-a1aa-ba128f3f7c90', 'rO0ABXNyACpvcmcuYXBhY2hlLnNoaXJvLnNlc3Npb24ubWd0LlNpbXBsZVNlc3Npb26dHKG41YxibgMAAHhwdwIAm3QAJDJjOGE2N2RjLTllZDctNDExNS1hMWFhLWJhMTI4ZjNmN2M5MHNyAA5qYXZhLnV0aWwuRGF0ZWhqgQFLWXQZAwAAeHB3CAAAAXJZ7dYFeHEAfgAEdwgAAAAAABt3QHNyABFqYXZhLnV0aWwuSGFzaE1hcAUH2sHDFmDRAwACRgAKbG9hZEZhY3RvckkACXRocmVzaG9sZHhwP0AAAAAAAAx3CAAAABAAAAABdAATU0VTU0lPTl9VUERBVEVfRkFMR3NxAH4AA3cIAAABclnt1gV4eHg=', '2020-05-28 01:17:39', NULL, NULL);
INSERT INTO `sessions` VALUES ('2e7406af-2b8f-49a6-8dad-896c13c835f7', 'rO0ABXNyACpvcmcuYXBhY2hlLnNoaXJvLnNlc3Npb24ubWd0LlNpbXBsZVNlc3Npb26dHKG41YxibgMAAHhwdwIA23QAJDJlNzQwNmFmLTJiOGYtNDlhNi04ZGFkLTg5NmMxM2M4MzVmN3NyAA5qYXZhLnV0aWwuRGF0ZWhqgQFLWXQZAwAAeHB3CAAAAXJW1r0HeHEAfgAEdxkAAAAAABt3QAAPMDowOjA6MDowOjA6MDoxc3IAEWphdmEudXRpbC5IYXNoTWFwBQfawcMWYNEDAAJGAApsb2FkRmFjdG9ySQAJdGhyZXNob2xkeHA/QAAAAAAADHcIAAAAEAAAAAF0ABNTRVNTSU9OX1VQREFURV9GQUxHc3EAfgADdwgAAAFyVta9B3h4eA==', '2020-05-27 10:53:33', NULL, NULL);
INSERT INTO `sessions` VALUES ('301ea13c-07c1-4ec7-bfc1-c9f0121ee979', 'rO0ABXNyACpvcmcuYXBhY2hlLnNoaXJvLnNlc3Npb24ubWd0LlNpbXBsZVNlc3Npb26dHKG41YxibgMAAHhwdwIA23QAJDMwMWVhMTNjLTA3YzEtNGVjNy1iZmMxLWM5ZjAxMjFlZTk3OXNyAA5qYXZhLnV0aWwuRGF0ZWhqgQFLWXQZAwAAeHB3CAAAAXJW1rzGeHEAfgAEdxkAAAAAABt3QAAPMDowOjA6MDowOjA6MDoxc3IAEWphdmEudXRpbC5IYXNoTWFwBQfawcMWYNEDAAJGAApsb2FkRmFjdG9ySQAJdGhyZXNob2xkeHA/QAAAAAAADHcIAAAAEAAAAAF0ABNTRVNTSU9OX1VQREFURV9GQUxHc3EAfgADdwgAAAFyVta8xnh4eA==', '2020-05-27 10:53:33', NULL, NULL);
INSERT INTO `sessions` VALUES ('33fc7dae-17c4-455a-9691-c88ddba07600', 'rO0ABXNyACpvcmcuYXBhY2hlLnNoaXJvLnNlc3Npb24ubWd0LlNpbXBsZVNlc3Npb26dHKG41YxibgMAAHhwdwIA23QAJDMzZmM3ZGFlLTE3YzQtNDU1YS05NjkxLWM4OGRkYmEwNzYwMHNyAA5qYXZhLnV0aWwuRGF0ZWhqgQFLWXQZAwAAeHB3CAAAAXJZgDI4eHEAfgAEdxkAAAAAABt3QAAPMDowOjA6MDowOjA6MDoxc3IAEWphdmEudXRpbC5IYXNoTWFwBQfawcMWYNEDAAJGAApsb2FkRmFjdG9ySQAJdGhyZXNob2xkeHA/QAAAAAAADHcIAAAAEAAAAAF0ABNTRVNTSU9OX1VQREFURV9GQUxHc3EAfgADdwgAAAFyWYAyOXh4eA==', '2020-05-27 23:17:53', NULL, NULL);
INSERT INTO `sessions` VALUES ('355983dc-8f13-40ff-9260-bc980373be5b', 'rO0ABXNyACpvcmcuYXBhY2hlLnNoaXJvLnNlc3Npb24ubWd0LlNpbXBsZVNlc3Npb26dHKG41YxibgMAAHhwdwIA23QAJDM1NTk4M2RjLThmMTMtNDBmZi05MjYwLWJjOTgwMzczYmU1YnNyAA5qYXZhLnV0aWwuRGF0ZWhqgQFLWXQZAwAAeHB3CAAAAXJW6CmTeHEAfgAEdxkAAAAAABt3QAAPMDowOjA6MDowOjA6MDoxc3IAEWphdmEudXRpbC5IYXNoTWFwBQfawcMWYNEDAAJGAApsb2FkRmFjdG9ySQAJdGhyZXNob2xkeHA/QAAAAAAADHcIAAAAEAAAAAF0ABNTRVNTSU9OX1VQREFURV9GQUxHc3EAfgADdwgAAAFyVugplHh4eA==', '2020-05-27 11:12:35', NULL, NULL);
INSERT INTO `sessions` VALUES ('356e1857-0503-44ac-be92-1d4eee8d8e8d', 'rO0ABXNyACpvcmcuYXBhY2hlLnNoaXJvLnNlc3Npb24ubWd0LlNpbXBsZVNlc3Npb26dHKG41YxibgMAAHhwdwIAm3QAJDM1NmUxODU3LTA1MDMtNDRhYy1iZTkyLTFkNGVlZThkOGU4ZHNyAA5qYXZhLnV0aWwuRGF0ZWhqgQFLWXQZAwAAeHB3CAAAAXJVIdR/eHEAfgAEdwgAAAAAABt3QHNyABFqYXZhLnV0aWwuSGFzaE1hcAUH2sHDFmDRAwACRgAKbG9hZEZhY3RvckkACXRocmVzaG9sZHhwP0AAAAAAAAx3CAAAABAAAAABdAATU0VTU0lPTl9VUERBVEVfRkFMR3NxAH4AA3cIAAABclUh1H94eHg=', '2020-05-27 02:56:20', NULL, NULL);
INSERT INTO `sessions` VALUES ('378d0009-cb4e-492c-8c27-b2947b493c8a', 'rO0ABXNyACpvcmcuYXBhY2hlLnNoaXJvLnNlc3Npb24ubWd0LlNpbXBsZVNlc3Npb26dHKG41YxibgMAAHhwdwIAm3QAJDM3OGQwMDA5LWNiNGUtNDkyYy04YzI3LWIyOTQ3YjQ5M2M4YXNyAA5qYXZhLnV0aWwuRGF0ZWhqgQFLWXQZAwAAeHB3CAAAAXJURB0zeHEAfgAEdwgAAAAAABt3QHNyABFqYXZhLnV0aWwuSGFzaE1hcAUH2sHDFmDRAwACRgAKbG9hZEZhY3RvckkACXRocmVzaG9sZHhwP0AAAAAAAAx3CAAAABAAAAABdAATU0VTU0lPTl9VUERBVEVfRkFMR3NxAH4AA3cIAAABclREHTR4eHg=', '2020-05-26 22:54:10', NULL, NULL);
INSERT INTO `sessions` VALUES ('384fe57c-25e4-4217-a141-04ba8e3fdf34', 'rO0ABXNyACpvcmcuYXBhY2hlLnNoaXJvLnNlc3Npb24ubWd0LlNpbXBsZVNlc3Npb26dHKG41YxibgMAAHhwdwIAm3QAJDM4NGZlNTdjLTI1ZTQtNDIxNy1hMTQxLTA0YmE4ZTNmZGYzNHNyAA5qYXZhLnV0aWwuRGF0ZWhqgQFLWXQZAwAAeHB3CAAAAXJUP3L+eHEAfgAEdwgAAAAAABt3QHNyABFqYXZhLnV0aWwuSGFzaE1hcAUH2sHDFmDRAwACRgAKbG9hZEZhY3RvckkACXRocmVzaG9sZHhwP0AAAAAAAAx3CAAAABAAAAABdAATU0VTU0lPTl9VUERBVEVfRkFMR3NyAA5qYXZhLmxhbmcuTG9uZzuL5JDMjyPfAgABSgAFdmFsdWV4cgAQamF2YS5sYW5nLk51bWJlcoaslR0LlOCLAgAAeHAAAAFyVD9y/nh4', '2020-05-26 22:49:04', NULL, NULL);
INSERT INTO `sessions` VALUES ('394dc131-74df-4230-b51f-1b1751a4e0f0', 'rO0ABXNyACpvcmcuYXBhY2hlLnNoaXJvLnNlc3Npb24ubWd0LlNpbXBsZVNlc3Npb26dHKG41YxibgMAAHhwdwIAm3QAJDM5NGRjMTMxLTc0ZGYtNDIzMC1iNTFmLTFiMTc1MWE0ZTBmMHNyAA5qYXZhLnV0aWwuRGF0ZWhqgQFLWXQZAwAAeHB3CAAAAXJZmeUueHEAfgAEdwgAAAAAABt3QHNyABFqYXZhLnV0aWwuSGFzaE1hcAUH2sHDFmDRAwACRgAKbG9hZEZhY3RvckkACXRocmVzaG9sZHhwP0AAAAAAAAx3CAAAABAAAAABdAATU0VTU0lPTl9VUERBVEVfRkFMR3NxAH4AA3cIAAABclmZ5S54eHg=', '2020-05-27 23:45:57', NULL, NULL);
INSERT INTO `sessions` VALUES ('39e470af-e0f6-4f6f-91a1-309927e21f21', 'rO0ABXNyACpvcmcuYXBhY2hlLnNoaXJvLnNlc3Npb24ubWd0LlNpbXBsZVNlc3Npb26dHKG41YxibgMAAHhwdwIA23QAJDM5ZTQ3MGFmLWUwZjYtNGY2Zi05MWExLTMwOTkyN2UyMWYyMXNyAA5qYXZhLnV0aWwuRGF0ZWhqgQFLWXQZAwAAeHB3CAAAAXJW1r0HeHEAfgAEdxkAAAAAABt3QAAPMDowOjA6MDowOjA6MDoxc3IAEWphdmEudXRpbC5IYXNoTWFwBQfawcMWYNEDAAJGAApsb2FkRmFjdG9ySQAJdGhyZXNob2xkeHA/QAAAAAAADHcIAAAAEAAAAAF0ABNTRVNTSU9OX1VQREFURV9GQUxHc3EAfgADdwgAAAFyVta9B3h4eA==', '2020-05-27 10:53:33', NULL, NULL);
INSERT INTO `sessions` VALUES ('3a45ec23-59c5-428d-b7f2-1f6777279a41', 'rO0ABXNyACpvcmcuYXBhY2hlLnNoaXJvLnNlc3Npb24ubWd0LlNpbXBsZVNlc3Npb26dHKG41YxibgMAAHhwdwIAm3QAJDNhNDVlYzIzLTU5YzUtNDI4ZC1iN2YyLTFmNjc3NzI3OWE0MXNyAA5qYXZhLnV0aWwuRGF0ZWhqgQFLWXQZAwAAeHB3CAAAAXJgJo3qeHEAfgAEdwgAAAAAABt3QHNyABFqYXZhLnV0aWwuSGFzaE1hcAUH2sHDFmDRAwACRgAKbG9hZEZhY3RvckkACXRocmVzaG9sZHhwP0AAAAAAAAx3CAAAABAAAAABdAATU0VTU0lPTl9VUERBVEVfRkFMR3NxAH4AA3cIAAABcmAmjep4eHg=', '2020-05-29 11:17:19', NULL, NULL);
INSERT INTO `sessions` VALUES ('3ad1a67a-11d2-41f0-9594-b2531d351fbb', 'rO0ABXNyACpvcmcuYXBhY2hlLnNoaXJvLnNlc3Npb24ubWd0LlNpbXBsZVNlc3Npb26dHKG41YxibgMAAHhwdwIA23QAJDNhZDFhNjdhLTExZDItNDFmMC05NTk0LWIyNTMxZDM1MWZiYnNyAA5qYXZhLnV0aWwuRGF0ZWhqgQFLWXQZAwAAeHB3CAAAAXJWVComeHEAfgAEdxkAAAAAABt3QAAPMDowOjA6MDowOjA6MDoxc3IAEWphdmEudXRpbC5IYXNoTWFwBQfawcMWYNEDAAJGAApsb2FkRmFjdG9ySQAJdGhyZXNob2xkeHA/QAAAAAAADHcIAAAAEAAAAAF0ABNTRVNTSU9OX1VQREFURV9GQUxHc3EAfgADdwgAAAFyVlQqJ3h4eA==', '2020-05-27 08:30:56', NULL, NULL);
INSERT INTO `sessions` VALUES ('3b04adc0-9304-4d32-9ee2-345b9c54bbd6', 'rO0ABXNyACpvcmcuYXBhY2hlLnNoaXJvLnNlc3Npb24ubWd0LlNpbXBsZVNlc3Npb26dHKG41YxibgMAAHhwdwIA23QAJDNiMDRhZGMwLTkzMDQtNGQzMi05ZWUyLTM0NWI5YzU0YmJkNnNyAA5qYXZhLnV0aWwuRGF0ZWhqgQFLWXQZAwAAeHB3CAAAAXJgEG1reHEAfgAEdxkAAAAAABt3QAAPMDowOjA6MDowOjA6MDoxc3IAEWphdmEudXRpbC5IYXNoTWFwBQfawcMWYNEDAAJGAApsb2FkRmFjdG9ySQAJdGhyZXNob2xkeHA/QAAAAAAADHcIAAAAEAAAAAF0ABNTRVNTSU9OX1VQREFURV9GQUxHc3EAfgADdwgAAAFyYBBtbHh4eA==', '2020-05-29 10:53:09', NULL, NULL);
INSERT INTO `sessions` VALUES ('3c2674db-898f-44ab-af49-1ea243968075', 'rO0ABXNyACpvcmcuYXBhY2hlLnNoaXJvLnNlc3Npb24ubWd0LlNpbXBsZVNlc3Npb26dHKG41YxibgMAAHhwdwIA23QAJDNjMjY3NGRiLTg5OGYtNDRhYi1hZjQ5LTFlYTI0Mzk2ODA3NXNyAA5qYXZhLnV0aWwuRGF0ZWhqgQFLWXQZAwAAeHB3CAAAAXJWCdB6eHEAfgAEdxkAAAAAABt3QAAPMDowOjA6MDowOjA6MDoxc3IAEWphdmEudXRpbC5IYXNoTWFwBQfawcMWYNEDAAJGAApsb2FkRmFjdG9ySQAJdGhyZXNob2xkeHA/QAAAAAAADHcIAAAAEAAAAAF0ABNTRVNTSU9OX1VQREFURV9GQUxHc3EAfgADdwgAAAFyVgnQenh4eA==', '2020-05-27 07:09:43', NULL, NULL);
INSERT INTO `sessions` VALUES ('3c4f9f24-caa5-489a-b697-8b931d3b458a', 'rO0ABXNyACpvcmcuYXBhY2hlLnNoaXJvLnNlc3Npb24ubWd0LlNpbXBsZVNlc3Npb26dHKG41YxibgMAAHhwdwIAm3QAJDNjNGY5ZjI0LWNhYTUtNDg5YS1iNjk3LThiOTMxZDNiNDU4YXNyAA5qYXZhLnV0aWwuRGF0ZWhqgQFLWXQZAwAAeHB3CAAAAXJaHWo/eHEAfgAEdwgAAAAAABt3QHNyABFqYXZhLnV0aWwuSGFzaE1hcAUH2sHDFmDRAwACRgAKbG9hZEZhY3RvckkACXRocmVzaG9sZHhwP0AAAAAAAAx3CAAAABAAAAABdAATU0VTU0lPTl9VUERBVEVfRkFMR3NxAH4AA3cIAAABclodaj94eHg=', '2020-05-28 02:09:37', NULL, NULL);
INSERT INTO `sessions` VALUES ('3cd63b28-1cc6-433a-b7d3-504ba2d7319a', 'rO0ABXNyACpvcmcuYXBhY2hlLnNoaXJvLnNlc3Npb24ubWd0LlNpbXBsZVNlc3Npb26dHKG41YxibgMAAHhwdwIAm3QAJDNjZDYzYjI4LTFjYzYtNDMzYS1iN2QzLTUwNGJhMmQ3MzE5YXNyAA5qYXZhLnV0aWwuRGF0ZWhqgQFLWXQZAwAAeHB3CAAAAXJUblmTeHEAfgAEdwgAAAAAABt3QHNyABFqYXZhLnV0aWwuSGFzaE1hcAUH2sHDFmDRAwACRgAKbG9hZEZhY3RvckkACXRocmVzaG9sZHhwP0AAAAAAAAx3CAAAABAAAAABdAATU0VTU0lPTl9VUERBVEVfRkFMR3NxAH4AA3cIAAABclRuWZN4eHg=', '2020-05-26 23:40:18', NULL, NULL);
INSERT INTO `sessions` VALUES ('40bd2474-555d-4630-9427-5d5b3f2a5710', 'rO0ABXNyACpvcmcuYXBhY2hlLnNoaXJvLnNlc3Npb24ubWd0LlNpbXBsZVNlc3Npb26dHKG41YxibgMAAHhwdwIA23QAJDQwYmQyNDc0LTU1NWQtNDYzMC05NDI3LTVkNWIzZjJhNTcxMHNyAA5qYXZhLnV0aWwuRGF0ZWhqgQFLWXQZAwAAeHB3CAAAAXJgER8+eHEAfgAEdxkAAAAAABt3QAAPMDowOjA6MDowOjA6MDoxc3IAEWphdmEudXRpbC5IYXNoTWFwBQfawcMWYNEDAAJGAApsb2FkRmFjdG9ySQAJdGhyZXNob2xkeHA/QAAAAAAADHcIAAAAEAAAAAF0ABNTRVNTSU9OX1VQREFURV9GQUxHc3EAfgADdwgAAAFyYBEfP3h4eA==', '2020-05-29 10:53:54', NULL, NULL);
INSERT INTO `sessions` VALUES ('416696e8-cbd4-4cd1-b276-b2880f71b3e1', 'rO0ABXNyACpvcmcuYXBhY2hlLnNoaXJvLnNlc3Npb24ubWd0LlNpbXBsZVNlc3Npb26dHKG41YxibgMAAHhwdwIA23QAJDQxNjY5NmU4LWNiZDQtNGNkMS1iMjc2LWIyODgwZjcxYjNlMXNyAA5qYXZhLnV0aWwuRGF0ZWhqgQFLWXQZAwAAeHB3CAAAAXJW1r0HeHEAfgAEdxkAAAAAABt3QAAPMDowOjA6MDowOjA6MDoxc3IAEWphdmEudXRpbC5IYXNoTWFwBQfawcMWYNEDAAJGAApsb2FkRmFjdG9ySQAJdGhyZXNob2xkeHA/QAAAAAAADHcIAAAAEAAAAAF0ABNTRVNTSU9OX1VQREFURV9GQUxHc3EAfgADdwgAAAFyVta9B3h4eA==', '2020-05-27 10:53:33', NULL, NULL);
INSERT INTO `sessions` VALUES ('43e0d248-b37e-4ad6-ae4a-f84fb393dedd', 'rO0ABXNyACpvcmcuYXBhY2hlLnNoaXJvLnNlc3Npb24ubWd0LlNpbXBsZVNlc3Npb26dHKG41YxibgMAAHhwdwIAm3QAJDQzZTBkMjQ4LWIzN2UtNGFkNi1hZTRhLWY4NGZiMzkzZGVkZHNyAA5qYXZhLnV0aWwuRGF0ZWhqgQFLWXQZAwAAeHB3CAAAAXJVM9czeHEAfgAEdwgAAAAAABt3QHNyABFqYXZhLnV0aWwuSGFzaE1hcAUH2sHDFmDRAwACRgAKbG9hZEZhY3RvckkACXRocmVzaG9sZHhwP0AAAAAAAAx3CAAAABAAAAABdAATU0VTU0lPTl9VUERBVEVfRkFMR3NxAH4AA3cIAAABclUz1zN4eHg=', '2020-05-27 03:16:00', NULL, NULL);
INSERT INTO `sessions` VALUES ('43f101e1-902e-426e-be6a-0787f99e8637', 'rO0ABXNyACpvcmcuYXBhY2hlLnNoaXJvLnNlc3Npb24ubWd0LlNpbXBsZVNlc3Npb26dHKG41YxibgMAAHhwdwIAm3QAJDQzZjEwMWUxLTkwMmUtNDI2ZS1iZTZhLTA3ODdmOTllODYzN3NyAA5qYXZhLnV0aWwuRGF0ZWhqgQFLWXQZAwAAeHB3CAAAAXJZm2DUeHEAfgAEdwgAAAAAABt3QHNyABFqYXZhLnV0aWwuSGFzaE1hcAUH2sHDFmDRAwACRgAKbG9hZEZhY3RvckkACXRocmVzaG9sZHhwP0AAAAAAAAx3CAAAABAAAAABdAATU0VTU0lPTl9VUERBVEVfRkFMR3NxAH4AA3cIAAABclmbYNR4eHg=', '2020-05-27 23:47:35', NULL, NULL);
INSERT INTO `sessions` VALUES ('45c48bca-1e77-4e8e-804d-9e854b2fe6f9', 'rO0ABXNyACpvcmcuYXBhY2hlLnNoaXJvLnNlc3Npb24ubWd0LlNpbXBsZVNlc3Npb26dHKG41YxibgMAAHhwdwIAm3QAJDQ1YzQ4YmNhLTFlNzctNGU4ZS04MDRkLTllODU0YjJmZTZmOXNyAA5qYXZhLnV0aWwuRGF0ZWhqgQFLWXQZAwAAeHB3CAAAAXJULdzveHEAfgAEdwgAAAAAABt3QHNyABFqYXZhLnV0aWwuSGFzaE1hcAUH2sHDFmDRAwACRgAKbG9hZEZhY3RvckkACXRocmVzaG9sZHhwP0AAAAAAAAx3CAAAABAAAAABdAATU0VTU0lPTl9VUERBVEVfRkFMR3NyAA5qYXZhLmxhbmcuTG9uZzuL5JDMjyPfAgABSgAFdmFsdWV4cgAQamF2YS5sYW5nLk51bWJlcoaslR0LlOCLAgAAeHAAAAFyVC3c8Hh4', '2020-05-26 22:29:51', NULL, NULL);
INSERT INTO `sessions` VALUES ('4684cab8-cee3-418b-ae7f-22bfd0ea4899', 'rO0ABXNyACpvcmcuYXBhY2hlLnNoaXJvLnNlc3Npb24ubWd0LlNpbXBsZVNlc3Npb26dHKG41YxibgMAAHhwdwIA23QAJDQ2ODRjYWI4LWNlZTMtNDE4Yi1hZTdmLTIyYmZkMGVhNDg5OXNyAA5qYXZhLnV0aWwuRGF0ZWhqgQFLWXQZAwAAeHB3CAAAAXJVFIlkeHEAfgAEdxkAAAAAABt3QAAPMDowOjA6MDowOjA6MDoxc3IAEWphdmEudXRpbC5IYXNoTWFwBQfawcMWYNEDAAJGAApsb2FkRmFjdG9ySQAJdGhyZXNob2xkeHA/QAAAAAAADHcIAAAAEAAAAAF0ABNTRVNTSU9OX1VQREFURV9GQUxHc3EAfgADdwgAAAFyVRSJZHh4eA==', '2020-05-27 02:41:49', NULL, NULL);
INSERT INTO `sessions` VALUES ('4933579c-6cf8-4909-835e-c71902cd2910', 'rO0ABXNyACpvcmcuYXBhY2hlLnNoaXJvLnNlc3Npb24ubWd0LlNpbXBsZVNlc3Npb26dHKG41YxibgMAAHhwdwIAm3QAJDQ5MzM1NzljLTZjZjgtNDkwOS04MzVlLWM3MTkwMmNkMjkxMHNyAA5qYXZhLnV0aWwuRGF0ZWhqgQFLWXQZAwAAeHB3CAAAAXJUSFVweHEAfgAEdwgAAAAAABt3QHNyABFqYXZhLnV0aWwuSGFzaE1hcAUH2sHDFmDRAwACRgAKbG9hZEZhY3RvckkACXRocmVzaG9sZHhwP0AAAAAAAAx3CAAAABAAAAABdAATU0VTU0lPTl9VUERBVEVfRkFMR3NxAH4AA3cIAAABclRIVXB4eHg=', '2020-05-26 22:58:46', NULL, NULL);
INSERT INTO `sessions` VALUES ('49877b14-97e9-4896-b5da-d6acf53a4c37', 'rO0ABXNyACpvcmcuYXBhY2hlLnNoaXJvLnNlc3Npb24ubWd0LlNpbXBsZVNlc3Npb26dHKG41YxibgMAAHhwdwIAm3QAJDQ5ODc3YjE0LTk3ZTktNDg5Ni1iNWRhLWQ2YWNmNTNhNGMzN3NyAA5qYXZhLnV0aWwuRGF0ZWhqgQFLWXQZAwAAeHB3CAAAAXJVIufCeHEAfgAEdwgAAAAAABt3QHNyABFqYXZhLnV0aWwuSGFzaE1hcAUH2sHDFmDRAwACRgAKbG9hZEZhY3RvckkACXRocmVzaG9sZHhwP0AAAAAAAAx3CAAAABAAAAABdAATU0VTU0lPTl9VUERBVEVfRkFMR3NxAH4AA3cIAAABclUi58R4eHg=', '2020-05-27 02:57:30', NULL, NULL);
INSERT INTO `sessions` VALUES ('4b63a6a1-0a60-44ef-b481-0451907d204f', 'rO0ABXNyACpvcmcuYXBhY2hlLnNoaXJvLnNlc3Npb24ubWd0LlNpbXBsZVNlc3Npb26dHKG41YxibgMAAHhwdwIAm3QAJDRiNjNhNmExLTBhNjAtNDRlZi1iNDgxLTA0NTE5MDdkMjA0ZnNyAA5qYXZhLnV0aWwuRGF0ZWhqgQFLWXQZAwAAeHB3CAAAAXJZm6sxeHEAfgAEdwgAAAAAABt3QHNyABFqYXZhLnV0aWwuSGFzaE1hcAUH2sHDFmDRAwACRgAKbG9hZEZhY3RvckkACXRocmVzaG9sZHhwP0AAAAAAAAx3CAAAABAAAAABdAATU0VTU0lPTl9VUERBVEVfRkFMR3NxAH4AA3cIAAABclmbqzF4eHg=', '2020-05-27 23:47:54', NULL, NULL);
INSERT INTO `sessions` VALUES ('4c17c1f0-f2f9-4c87-81c4-34f7ba6a9752', 'rO0ABXNyACpvcmcuYXBhY2hlLnNoaXJvLnNlc3Npb24ubWd0LlNpbXBsZVNlc3Npb26dHKG41YxibgMAAHhwdwIAm3QAJDRjMTdjMWYwLWYyZjktNGM4Ny04MWM0LTM0ZjdiYTZhOTc1MnNyAA5qYXZhLnV0aWwuRGF0ZWhqgQFLWXQZAwAAeHB3CAAAAXJZwQ9keHEAfgAEdwgAAAAAABt3QHNyABFqYXZhLnV0aWwuSGFzaE1hcAUH2sHDFmDRAwACRgAKbG9hZEZhY3RvckkACXRocmVzaG9sZHhwP0AAAAAAAAx3CAAAABAAAAABdAATU0VTU0lPTl9VUERBVEVfRkFMR3NxAH4AA3cIAAABclnBD2R4eHg=', '2020-05-28 00:28:44', NULL, NULL);
INSERT INTO `sessions` VALUES ('4c8b26b2-c300-45ae-bf5f-1f9f5d6cf576', 'rO0ABXNyACpvcmcuYXBhY2hlLnNoaXJvLnNlc3Npb24ubWd0LlNpbXBsZVNlc3Npb26dHKG41YxibgMAAHhwdwIAm3QAJDRjOGIyNmIyLWMzMDAtNDVhZS1iZjVmLTFmOWY1ZDZjZjU3NnNyAA5qYXZhLnV0aWwuRGF0ZWhqgQFLWXQZAwAAeHB3CAAAAXJZy4RmeHEAfgAEdwgAAAAAABt3QHNyABFqYXZhLnV0aWwuSGFzaE1hcAUH2sHDFmDRAwACRgAKbG9hZEZhY3RvckkACXRocmVzaG9sZHhwP0AAAAAAAAx3CAAAABAAAAABdAATU0VTU0lPTl9VUERBVEVfRkFMR3NxAH4AA3cIAAABclnLhGZ4eHg=', '2020-05-28 00:40:09', NULL, NULL);
INSERT INTO `sessions` VALUES ('4ca1a165-bbf6-4738-af64-6955786234ba', 'rO0ABXNyACpvcmcuYXBhY2hlLnNoaXJvLnNlc3Npb24ubWd0LlNpbXBsZVNlc3Npb26dHKG41YxibgMAAHhwdwIA23QAJDRjYTFhMTY1LWJiZjYtNDczOC1hZjY0LTY5NTU3ODYyMzRiYXNyAA5qYXZhLnV0aWwuRGF0ZWhqgQFLWXQZAwAAeHB3CAAAAXJW1rzGeHEAfgAEdxkAAAAAABt3QAAPMDowOjA6MDowOjA6MDoxc3IAEWphdmEudXRpbC5IYXNoTWFwBQfawcMWYNEDAAJGAApsb2FkRmFjdG9ySQAJdGhyZXNob2xkeHA/QAAAAAAADHcIAAAAEAAAAAF0ABNTRVNTSU9OX1VQREFURV9GQUxHc3EAfgADdwgAAAFyVta8xnh4eA==', '2020-05-27 10:53:33', NULL, NULL);
INSERT INTO `sessions` VALUES ('4d73cd8f-bda1-4c47-ae15-7b07952b8153', 'rO0ABXNyACpvcmcuYXBhY2hlLnNoaXJvLnNlc3Npb24ubWd0LlNpbXBsZVNlc3Npb26dHKG41YxibgMAAHhwdwIA23QAJDRkNzNjZDhmLWJkYTEtNGM0Ny1hZTE1LTdiMDc5NTJiODE1M3NyAA5qYXZhLnV0aWwuRGF0ZWhqgQFLWXQZAwAAeHB3CAAAAXJW0RaWeHEAfgAEdxkAAAAAABt3QAAPMDowOjA6MDowOjA6MDoxc3IAEWphdmEudXRpbC5IYXNoTWFwBQfawcMWYNEDAAJGAApsb2FkRmFjdG9ySQAJdGhyZXNob2xkeHA/QAAAAAAADHcIAAAAEAAAAAF0ABNTRVNTSU9OX1VQREFURV9GQUxHc3EAfgADdwgAAAFyVtEWlnh4eA==', '2020-05-27 10:47:23', NULL, NULL);
INSERT INTO `sessions` VALUES ('4dd3adbd-e713-4726-af76-cc8917c0bd51', 'rO0ABXNyACpvcmcuYXBhY2hlLnNoaXJvLnNlc3Npb24ubWd0LlNpbXBsZVNlc3Npb26dHKG41YxibgMAAHhwdwIAm3QAJDRkZDNhZGJkLWU3MTMtNDcyNi1hZjc2LWNjODkxN2MwYmQ1MXNyAA5qYXZhLnV0aWwuRGF0ZWhqgQFLWXQZAwAAeHB3CAAAAXJUP7daeHEAfgAEdwgAAAAAABt3QHNyABFqYXZhLnV0aWwuSGFzaE1hcAUH2sHDFmDRAwACRgAKbG9hZEZhY3RvckkACXRocmVzaG9sZHhwP0AAAAAAAAx3CAAAABAAAAABdAATU0VTU0lPTl9VUERBVEVfRkFMR3NyAA5qYXZhLmxhbmcuTG9uZzuL5JDMjyPfAgABSgAFdmFsdWV4cgAQamF2YS5sYW5nLk51bWJlcoaslR0LlOCLAgAAeHAAAAFyVD+3Wnh4', '2020-05-26 22:49:21', NULL, NULL);
INSERT INTO `sessions` VALUES ('4de9fb4f-c523-4362-982f-1a0e8dda99b9', 'rO0ABXNyACpvcmcuYXBhY2hlLnNoaXJvLnNlc3Npb24ubWd0LlNpbXBsZVNlc3Npb26dHKG41YxibgMAAHhwdwIAm3QAJDRkZTlmYjRmLWM1MjMtNDM2Mi05ODJmLTFhMGU4ZGRhOTliOXNyAA5qYXZhLnV0aWwuRGF0ZWhqgQFLWXQZAwAAeHB3CAAAAXJZmFSXeHEAfgAEdwgAAAAAABt3QHNyABFqYXZhLnV0aWwuSGFzaE1hcAUH2sHDFmDRAwACRgAKbG9hZEZhY3RvckkACXRocmVzaG9sZHhwP0AAAAAAAAx3CAAAABAAAAABdAATU0VTU0lPTl9VUERBVEVfRkFMR3NxAH4AA3cIAAABclmYVJd4eHg=', '2020-05-27 23:44:15', NULL, NULL);
INSERT INTO `sessions` VALUES ('4e4ee177-420e-44ec-aae2-6b2201c997c4', 'rO0ABXNyACpvcmcuYXBhY2hlLnNoaXJvLnNlc3Npb24ubWd0LlNpbXBsZVNlc3Npb26dHKG41YxibgMAAHhwdwIAm3QAJDRlNGVlMTc3LTQyMGUtNDRlYy1hYWUyLTZiMjIwMWM5OTdjNHNyAA5qYXZhLnV0aWwuRGF0ZWhqgQFLWXQZAwAAeHB3CAAAAXJVIdR9eHEAfgAEdwgAAAAAABt3QHNyABFqYXZhLnV0aWwuSGFzaE1hcAUH2sHDFmDRAwACRgAKbG9hZEZhY3RvckkACXRocmVzaG9sZHhwP0AAAAAAAAx3CAAAABAAAAABdAATU0VTU0lPTl9VUERBVEVfRkFMR3NxAH4AA3cIAAABclUh1H14eHg=', '2020-05-27 02:56:20', NULL, NULL);
INSERT INTO `sessions` VALUES ('4f30384a-9c9e-43c0-9041-1d94915ace0d', 'rO0ABXNyACpvcmcuYXBhY2hlLnNoaXJvLnNlc3Npb24ubWd0LlNpbXBsZVNlc3Npb26dHKG41YxibgMAAHhwdwIAm3QAJDRmMzAzODRhLTljOWUtNDNjMC05MDQxLTFkOTQ5MTVhY2UwZHNyAA5qYXZhLnV0aWwuRGF0ZWhqgQFLWXQZAwAAeHB3CAAAAXJgGNo6eHEAfgAEdwgAAAAAABt3QHNyABFqYXZhLnV0aWwuSGFzaE1hcAUH2sHDFmDRAwACRgAKbG9hZEZhY3RvckkACXRocmVzaG9sZHhwP0AAAAAAAAx3CAAAABAAAAABdAATU0VTU0lPTl9VUERBVEVfRkFMR3NxAH4AA3cIAAABcmAY2jt4eHg=', '2020-05-29 11:02:21', NULL, NULL);
INSERT INTO `sessions` VALUES ('4f428bbd-a711-40de-95a8-713e81c50942', 'rO0ABXNyACpvcmcuYXBhY2hlLnNoaXJvLnNlc3Npb24ubWd0LlNpbXBsZVNlc3Npb26dHKG41YxibgMAAHhwdwIA23QAJDRmNDI4YmJkLWE3MTEtNDBkZS05NWE4LTcxM2U4MWM1MDk0MnNyAA5qYXZhLnV0aWwuRGF0ZWhqgQFLWXQZAwAAeHB3CAAAAXJaoPSPeHEAfgAEdxkAAAAAABt3QAAPMDowOjA6MDowOjA6MDoxc3IAEWphdmEudXRpbC5IYXNoTWFwBQfawcMWYNEDAAJGAApsb2FkRmFjdG9ySQAJdGhyZXNob2xkeHA/QAAAAAAADHcIAAAAEAAAAAF0ABNTRVNTSU9OX1VQREFURV9GQUxHc3EAfgADdwgAAAFyWqD0j3h4eA==', '2020-05-28 04:33:17', NULL, NULL);
INSERT INTO `sessions` VALUES ('4fedfbed-ca65-45d8-b666-73b31877f3af', 'rO0ABXNyACpvcmcuYXBhY2hlLnNoaXJvLnNlc3Npb24ubWd0LlNpbXBsZVNlc3Npb26dHKG41YxibgMAAHhwdwIAm3QAJDRmZWRmYmVkLWNhNjUtNDVkOC1iNjY2LTczYjMxODc3ZjNhZnNyAA5qYXZhLnV0aWwuRGF0ZWhqgQFLWXQZAwAAeHB3CAAAAXJZf+CpeHEAfgAEdwgAAAAAABt3QHNyABFqYXZhLnV0aWwuSGFzaE1hcAUH2sHDFmDRAwACRgAKbG9hZEZhY3RvckkACXRocmVzaG9sZHhwP0AAAAAAAAx3CAAAABAAAAABdAATU0VTU0lPTl9VUERBVEVfRkFMR3NxAH4AA3cIAAABcll/4Kl4eHg=', '2020-05-27 23:17:32', NULL, NULL);
INSERT INTO `sessions` VALUES ('51963d60-be72-4c7d-a51d-c816f4e3d2ca', 'rO0ABXNyACpvcmcuYXBhY2hlLnNoaXJvLnNlc3Npb24ubWd0LlNpbXBsZVNlc3Npb26dHKG41YxibgMAAHhwdwIAm3QAJDUxOTYzZDYwLWJlNzItNGM3ZC1hNTFkLWM4MTZmNGUzZDJjYXNyAA5qYXZhLnV0aWwuRGF0ZWhqgQFLWXQZAwAAeHB3CAAAAXJZvg7aeHEAfgAEdwgAAAAAABt3QHNyABFqYXZhLnV0aWwuSGFzaE1hcAUH2sHDFmDRAwACRgAKbG9hZEZhY3RvckkACXRocmVzaG9sZHhwP0AAAAAAAAx3CAAAABAAAAABdAATU0VTU0lPTl9VUERBVEVfRkFMR3NxAH4AA3cIAAABclm+Dtt4eHg=', '2020-05-28 00:25:27', NULL, NULL);
INSERT INTO `sessions` VALUES ('51994fbc-aac5-4c9b-a17b-24bbfb0501f0', 'rO0ABXNyACpvcmcuYXBhY2hlLnNoaXJvLnNlc3Npb24ubWd0LlNpbXBsZVNlc3Npb26dHKG41YxibgMAAHhwdwIA23QAJDUxOTk0ZmJjLWFhYzUtNGM5Yi1hMTdiLTI0YmJmYjA1MDFmMHNyAA5qYXZhLnV0aWwuRGF0ZWhqgQFLWXQZAwAAeHB3CAAAAXJexRUReHEAfgAEdxkAAAAAABt3QAAPMDowOjA6MDowOjA6MDoxc3IAEWphdmEudXRpbC5IYXNoTWFwBQfawcMWYNEDAAJGAApsb2FkRmFjdG9ySQAJdGhyZXNob2xkeHA/QAAAAAAADHcIAAAAEAAAAAF0ABNTRVNTSU9OX1VQREFURV9GQUxHc3EAfgADdwgAAAFyXsUVEnh4eA==', '2020-05-29 04:51:14', NULL, NULL);
INSERT INTO `sessions` VALUES ('527233ce-0f4e-481c-b875-cfd7040063f6', 'rO0ABXNyACpvcmcuYXBhY2hlLnNoaXJvLnNlc3Npb24ubWd0LlNpbXBsZVNlc3Npb26dHKG41YxibgMAAHhwdwIAm3QAJDUyNzIzM2NlLTBmNGUtNDgxYy1iODc1LWNmZDcwNDAwNjNmNnNyAA5qYXZhLnV0aWwuRGF0ZWhqgQFLWXQZAwAAeHB3CAAAAXJedq19eHEAfgAEdwgAAAAAABt3QHNyABFqYXZhLnV0aWwuSGFzaE1hcAUH2sHDFmDRAwACRgAKbG9hZEZhY3RvckkACXRocmVzaG9sZHhwP0AAAAAAAAx3CAAAABAAAAABdAATU0VTU0lPTl9VUERBVEVfRkFMR3NxAH4AA3cIAAABcl52rX14eHg=', '2020-05-29 03:25:35', NULL, NULL);
INSERT INTO `sessions` VALUES ('52e6d0fa-5b1c-4dd5-9592-d9c869485771', 'rO0ABXNyACpvcmcuYXBhY2hlLnNoaXJvLnNlc3Npb24ubWd0LlNpbXBsZVNlc3Npb26dHKG41YxibgMAAHhwdwIAm3QAJDUyZTZkMGZhLTViMWMtNGRkNS05NTkyLWQ5Yzg2OTQ4NTc3MXNyAA5qYXZhLnV0aWwuRGF0ZWhqgQFLWXQZAwAAeHB3CAAAAXJUR8cEeHEAfgAEdwgAAAAAABt3QHNyABFqYXZhLnV0aWwuSGFzaE1hcAUH2sHDFmDRAwACRgAKbG9hZEZhY3RvckkACXRocmVzaG9sZHhwP0AAAAAAAAx3CAAAABAAAAABdAATU0VTU0lPTl9VUERBVEVfRkFMR3NxAH4AA3cIAAABclRHxwR4eHg=', '2020-05-26 22:58:10', NULL, NULL);
INSERT INTO `sessions` VALUES ('52fbbd90-da72-45fc-811c-c98fcc8cca52', 'rO0ABXNyACpvcmcuYXBhY2hlLnNoaXJvLnNlc3Npb24ubWd0LlNpbXBsZVNlc3Npb26dHKG41YxibgMAAHhwdwIAm3QAJDUyZmJiZDkwLWRhNzItNDVmYy04MTFjLWM5OGZjYzhjY2E1MnNyAA5qYXZhLnV0aWwuRGF0ZWhqgQFLWXQZAwAAeHB3CAAAAXJUZ5WEeHEAfgAEdwgAAAAAABt3QHNyABFqYXZhLnV0aWwuSGFzaE1hcAUH2sHDFmDRAwACRgAKbG9hZEZhY3RvckkACXRocmVzaG9sZHhwP0AAAAAAAAx3CAAAABAAAAABdAATU0VTU0lPTl9VUERBVEVfRkFMR3NxAH4AA3cIAAABclRnlYR4eHg=', '2020-05-26 23:32:54', NULL, NULL);
INSERT INTO `sessions` VALUES ('55cfc926-8805-4655-b8e0-b5afd9b3c8cc', 'rO0ABXNyACpvcmcuYXBhY2hlLnNoaXJvLnNlc3Npb24ubWd0LlNpbXBsZVNlc3Npb26dHKG41YxibgMAAHhwdwIAm3QAJDU1Y2ZjOTI2LTg4MDUtNDY1NS1iOGUwLWI1YWZkOWIzYzhjY3NyAA5qYXZhLnV0aWwuRGF0ZWhqgQFLWXQZAwAAeHB3CAAAAXJUVbSMeHEAfgAEdwgAAAAAABt3QHNyABFqYXZhLnV0aWwuSGFzaE1hcAUH2sHDFmDRAwACRgAKbG9hZEZhY3RvckkACXRocmVzaG9sZHhwP0AAAAAAAAx3CAAAABAAAAABdAATU0VTU0lPTl9VUERBVEVfRkFMR3NxAH4AA3cIAAABclRVtIx4eHg=', '2020-05-26 23:13:22', NULL, NULL);
INSERT INTO `sessions` VALUES ('57083233-e0b6-4afe-bec5-a6e2f6f1cac6', 'rO0ABXNyACpvcmcuYXBhY2hlLnNoaXJvLnNlc3Npb24ubWd0LlNpbXBsZVNlc3Npb26dHKG41YxibgMAAHhwdwIAm3QAJDU3MDgzMjMzLWUwYjYtNGFmZS1iZWM1LWE2ZTJmNmYxY2FjNnNyAA5qYXZhLnV0aWwuRGF0ZWhqgQFLWXQZAwAAeHB3CAAAAXJUP1mceHEAfgAEdwgAAAAAABt3QHNyABFqYXZhLnV0aWwuSGFzaE1hcAUH2sHDFmDRAwACRgAKbG9hZEZhY3RvckkACXRocmVzaG9sZHhwP0AAAAAAAAx3CAAAABAAAAABdAATU0VTU0lPTl9VUERBVEVfRkFMR3NyAA5qYXZhLmxhbmcuTG9uZzuL5JDMjyPfAgABSgAFdmFsdWV4cgAQamF2YS5sYW5nLk51bWJlcoaslR0LlOCLAgAAeHAAAAFyVD9ZnHh4', '2020-05-26 22:48:57', NULL, NULL);
INSERT INTO `sessions` VALUES ('5716bebb-2c8e-41c8-ae3c-0742f3eb4afa', 'rO0ABXNyACpvcmcuYXBhY2hlLnNoaXJvLnNlc3Npb24ubWd0LlNpbXBsZVNlc3Npb26dHKG41YxibgMAAHhwdwIAm3QAJDU3MTZiZWJiLTJjOGUtNDFjOC1hZTNjLTA3NDJmM2ViNGFmYXNyAA5qYXZhLnV0aWwuRGF0ZWhqgQFLWXQZAwAAeHB3CAAAAXJUQ3nJeHEAfgAEdwgAAAAAABt3QHNyABFqYXZhLnV0aWwuSGFzaE1hcAUH2sHDFmDRAwACRgAKbG9hZEZhY3RvckkACXRocmVzaG9sZHhwP0AAAAAAAAx3CAAAABAAAAABdAATU0VTU0lPTl9VUERBVEVfRkFMR3NxAH4AA3cIAAABclRDecp4eHg=', '2020-05-26 22:53:28', NULL, NULL);
INSERT INTO `sessions` VALUES ('57b4a552-1186-4f35-9ba4-704b9dd4d9c4', 'rO0ABXNyACpvcmcuYXBhY2hlLnNoaXJvLnNlc3Npb24ubWd0LlNpbXBsZVNlc3Npb26dHKG41YxibgMAAHhwdwIAm3QAJDU3YjRhNTUyLTExODYtNGYzNS05YmE0LTcwNGI5ZGQ0ZDljNHNyAA5qYXZhLnV0aWwuRGF0ZWhqgQFLWXQZAwAAeHB3CAAAAXJZcRVueHEAfgAEdwgAAAAAABt3QHNyABFqYXZhLnV0aWwuSGFzaE1hcAUH2sHDFmDRAwACRgAKbG9hZEZhY3RvckkACXRocmVzaG9sZHhwP0AAAAAAAAx3CAAAABAAAAABdAATU0VTU0lPTl9VUERBVEVfRkFMR3NxAH4AA3cIAAABcllxFW54eHg=', '2020-05-27 23:01:23', NULL, NULL);
INSERT INTO `sessions` VALUES ('59024487-11a2-4b07-a10a-58572514ed35', 'rO0ABXNyACpvcmcuYXBhY2hlLnNoaXJvLnNlc3Npb24ubWd0LlNpbXBsZVNlc3Npb26dHKG41YxibgMAAHhwdwIAm3QAJDU5MDI0NDg3LTExYTItNGIwNy1hMTBhLTU4NTcyNTE0ZWQzNXNyAA5qYXZhLnV0aWwuRGF0ZWhqgQFLWXQZAwAAeHB3CAAAAXJUSN8yeHEAfgAEdwgAAAAAABt3QHNyABFqYXZhLnV0aWwuSGFzaE1hcAUH2sHDFmDRAwACRgAKbG9hZEZhY3RvckkACXRocmVzaG9sZHhwP0AAAAAAAAx3CAAAABAAAAABdAATU0VTU0lPTl9VUERBVEVfRkFMR3NxAH4AA3cIAAABclRI3zN4eHg=', '2020-05-26 22:59:21', NULL, NULL);
INSERT INTO `sessions` VALUES ('5c525b39-5c79-4f03-b70c-62e0940b5145', 'rO0ABXNyACpvcmcuYXBhY2hlLnNoaXJvLnNlc3Npb24ubWd0LlNpbXBsZVNlc3Npb26dHKG41YxibgMAAHhwdwIAm3QAJDVjNTI1YjM5LTVjNzktNGYwMy1iNzBjLTYyZTA5NDBiNTE0NXNyAA5qYXZhLnV0aWwuRGF0ZWhqgQFLWXQZAwAAeHB3CAAAAXJVJ9KseHEAfgAEdwgAAAAAABt3QHNyABFqYXZhLnV0aWwuSGFzaE1hcAUH2sHDFmDRAwACRgAKbG9hZEZhY3RvckkACXRocmVzaG9sZHhwP0AAAAAAAAx3CAAAABAAAAABdAATU0VTU0lPTl9VUERBVEVfRkFMR3NxAH4AA3cIAAABclUn0qx4eHg=', '2020-05-27 03:02:53', NULL, NULL);
INSERT INTO `sessions` VALUES ('5e2588da-7e5d-4e95-8545-c77467c85ff3', 'rO0ABXNyACpvcmcuYXBhY2hlLnNoaXJvLnNlc3Npb24ubWd0LlNpbXBsZVNlc3Npb26dHKG41YxibgMAAHhwdwIAm3QAJDVlMjU4OGRhLTdlNWQtNGU5NS04NTQ1LWM3NzQ2N2M4NWZmM3NyAA5qYXZhLnV0aWwuRGF0ZWhqgQFLWXQZAwAAeHB3CAAAAXJZ8UvgeHEAfgAEdwgAAAAAABt3QHNyABFqYXZhLnV0aWwuSGFzaE1hcAUH2sHDFmDRAwACRgAKbG9hZEZhY3RvckkACXRocmVzaG9sZHhwP0AAAAAAAAx3CAAAABAAAAABdAATU0VTU0lPTl9VUERBVEVfRkFMR3NxAH4AA3cIAAABclnxS+B4eHg=', '2020-05-28 01:21:25', NULL, NULL);
INSERT INTO `sessions` VALUES ('5e34c510-95ce-4ff4-9e2b-9a12cfe0a5f9', 'rO0ABXNyACpvcmcuYXBhY2hlLnNoaXJvLnNlc3Npb24ubWd0LlNpbXBsZVNlc3Npb26dHKG41YxibgMAAHhwdwIAm3QAJDVlMzRjNTEwLTk1Y2UtNGZmNC05ZTJiLTlhMTJjZmUwYTVmOXNyAA5qYXZhLnV0aWwuRGF0ZWhqgQFLWXQZAwAAeHB3CAAAAXJU5uxveHEAfgAEdwgAAAAAABt3QHNyABFqYXZhLnV0aWwuSGFzaE1hcAUH2sHDFmDRAwACRgAKbG9hZEZhY3RvckkACXRocmVzaG9sZHhwP0AAAAAAAAx3CAAAABAAAAABdAATU0VTU0lPTl9VUERBVEVfRkFMR3NxAH4AA3cIAAABclTm7G94eHg=', '2020-05-27 01:51:59', NULL, NULL);
INSERT INTO `sessions` VALUES ('5ecd17e3-66f9-4f3f-afa6-39bd7def67a6', 'rO0ABXNyACpvcmcuYXBhY2hlLnNoaXJvLnNlc3Npb24ubWd0LlNpbXBsZVNlc3Npb26dHKG41YxibgMAAHhwdwIAm3QAJDVlY2QxN2UzLTY2ZjktNGYzZi1hZmE2LTM5YmQ3ZGVmNjdhNnNyAA5qYXZhLnV0aWwuRGF0ZWhqgQFLWXQZAwAAeHB3CAAAAXJVIdSoeHEAfgAEdwgAAAAAABt3QHNyABFqYXZhLnV0aWwuSGFzaE1hcAUH2sHDFmDRAwACRgAKbG9hZEZhY3RvckkACXRocmVzaG9sZHhwP0AAAAAAAAx3CAAAABAAAAABdAATU0VTU0lPTl9VUERBVEVfRkFMR3NxAH4AA3cIAAABclUh1Kh4eHg=', '2020-05-27 02:56:20', NULL, NULL);
INSERT INTO `sessions` VALUES ('5fc8b2cd-5400-4604-8537-ea71bd5c8216', 'rO0ABXNyACpvcmcuYXBhY2hlLnNoaXJvLnNlc3Npb24ubWd0LlNpbXBsZVNlc3Npb26dHKG41YxibgMAAHhwdwIAm3QAJDVmYzhiMmNkLTU0MDAtNDYwNC04NTM3LWVhNzFiZDVjODIxNnNyAA5qYXZhLnV0aWwuRGF0ZWhqgQFLWXQZAwAAeHB3CAAAAXJVNFVEeHEAfgAEdwgAAAAAABt3QHNyABFqYXZhLnV0aWwuSGFzaE1hcAUH2sHDFmDRAwACRgAKbG9hZEZhY3RvckkACXRocmVzaG9sZHhwP0AAAAAAAAx3CAAAABAAAAABdAATU0VTU0lPTl9VUERBVEVfRkFMR3NxAH4AA3cIAAABclU0VUR4eHg=', '2020-05-27 03:16:33', NULL, NULL);
INSERT INTO `sessions` VALUES ('6194f389-ce4d-49e4-9450-6c1d37d8541a', 'rO0ABXNyACpvcmcuYXBhY2hlLnNoaXJvLnNlc3Npb24ubWd0LlNpbXBsZVNlc3Npb26dHKG41YxibgMAAHhwdwIAm3QAJDYxOTRmMzg5LWNlNGQtNDllNC05NDUwLTZjMWQzN2Q4NTQxYXNyAA5qYXZhLnV0aWwuRGF0ZWhqgQFLWXQZAwAAeHB3CAAAAXJVIdS7eHEAfgAEdwgAAAAAABt3QHNyABFqYXZhLnV0aWwuSGFzaE1hcAUH2sHDFmDRAwACRgAKbG9hZEZhY3RvckkACXRocmVzaG9sZHhwP0AAAAAAAAx3CAAAABAAAAABdAATU0VTU0lPTl9VUERBVEVfRkFMR3NxAH4AA3cIAAABclUh1Lt4eHg=', '2020-05-27 02:56:20', NULL, NULL);
INSERT INTO `sessions` VALUES ('63a2870d-6c56-4c10-8523-0978d75d351e', 'rO0ABXNyACpvcmcuYXBhY2hlLnNoaXJvLnNlc3Npb24ubWd0LlNpbXBsZVNlc3Npb26dHKG41YxibgMAAHhwdwIA23QAJDYzYTI4NzBkLTZjNTYtNGMxMC04NTIzLTA5NzhkNzVkMzUxZXNyAA5qYXZhLnV0aWwuRGF0ZWhqgQFLWXQZAwAAeHB3CAAAAXJgKEWCeHEAfgAEdxkAAAAAABt3QAAPMDowOjA6MDowOjA6MDoxc3IAEWphdmEudXRpbC5IYXNoTWFwBQfawcMWYNEDAAJGAApsb2FkRmFjdG9ySQAJdGhyZXNob2xkeHA/QAAAAAAADHcIAAAAEAAAAAF0ABNTRVNTSU9OX1VQREFURV9GQUxHc3EAfgADdwgAAAFyYChFg3h4eA==', '2020-05-29 11:19:11', NULL, NULL);
INSERT INTO `sessions` VALUES ('63f3e575-e0d9-49da-a9e0-5138fe6ad87b', 'rO0ABXNyACpvcmcuYXBhY2hlLnNoaXJvLnNlc3Npb24ubWd0LlNpbXBsZVNlc3Npb26dHKG41YxibgMAAHhwdwIAm3QAJDYzZjNlNTc1LWUwZDktNDlkYS1hOWUwLTUxMzhmZTZhZDg3YnNyAA5qYXZhLnV0aWwuRGF0ZWhqgQFLWXQZAwAAeHB3CAAAAXJVIdR8eHEAfgAEdwgAAAAAABt3QHNyABFqYXZhLnV0aWwuSGFzaE1hcAUH2sHDFmDRAwACRgAKbG9hZEZhY3RvckkACXRocmVzaG9sZHhwP0AAAAAAAAx3CAAAABAAAAABdAATU0VTU0lPTl9VUERBVEVfRkFMR3NxAH4AA3cIAAABclUh1H14eHg=', '2020-05-27 02:56:20', NULL, NULL);
INSERT INTO `sessions` VALUES ('645612f2-6a4e-452c-91b9-7e2655759853', 'rO0ABXNyACpvcmcuYXBhY2hlLnNoaXJvLnNlc3Npb24ubWd0LlNpbXBsZVNlc3Npb26dHKG41YxibgMAAHhwdwIAm3QAJDY0NTYxMmYyLTZhNGUtNDUyYy05MWI5LTdlMjY1NTc1OTg1M3NyAA5qYXZhLnV0aWwuRGF0ZWhqgQFLWXQZAwAAeHB3CAAAAXJUSJm+eHEAfgAEdwgAAAAAABt3QHNyABFqYXZhLnV0aWwuSGFzaE1hcAUH2sHDFmDRAwACRgAKbG9hZEZhY3RvckkACXRocmVzaG9sZHhwP0AAAAAAAAx3CAAAABAAAAABdAATU0VTU0lPTl9VUERBVEVfRkFMR3NxAH4AA3cIAAABclRImb54eHg=', '2020-05-26 22:59:04', NULL, NULL);
INSERT INTO `sessions` VALUES ('6471406c-4a3a-41a0-a437-81155a058365', 'rO0ABXNyACpvcmcuYXBhY2hlLnNoaXJvLnNlc3Npb24ubWd0LlNpbXBsZVNlc3Npb26dHKG41YxibgMAAHhwdwIAm3QAJDY0NzE0MDZjLTRhM2EtNDFhMC1hNDM3LTgxMTU1YTA1ODM2NXNyAA5qYXZhLnV0aWwuRGF0ZWhqgQFLWXQZAwAAeHB3CAAAAXJVIueWeHEAfgAEdwgAAAAAABt3QHNyABFqYXZhLnV0aWwuSGFzaE1hcAUH2sHDFmDRAwACRgAKbG9hZEZhY3RvckkACXRocmVzaG9sZHhwP0AAAAAAAAx3CAAAABAAAAABdAATU0VTU0lPTl9VUERBVEVfRkFMR3NxAH4AA3cIAAABclUi55Z4eHg=', '2020-05-27 02:57:30', NULL, NULL);
INSERT INTO `sessions` VALUES ('68368dee-7d95-40b1-9322-b90742c7ea16', 'rO0ABXNyACpvcmcuYXBhY2hlLnNoaXJvLnNlc3Npb24ubWd0LlNpbXBsZVNlc3Npb26dHKG41YxibgMAAHhwdwIAm3QAJDY4MzY4ZGVlLTdkOTUtNDBiMS05MzIyLWI5MDc0MmM3ZWExNnNyAA5qYXZhLnV0aWwuRGF0ZWhqgQFLWXQZAwAAeHB3CAAAAXJUSDwJeHEAfgAEdwgAAAAAABt3QHNyABFqYXZhLnV0aWwuSGFzaE1hcAUH2sHDFmDRAwACRgAKbG9hZEZhY3RvckkACXRocmVzaG9sZHhwP0AAAAAAAAx3CAAAABAAAAABdAATU0VTU0lPTl9VUERBVEVfRkFMR3NxAH4AA3cIAAABclRIPAl4eHg=', '2020-05-26 22:58:40', NULL, NULL);
INSERT INTO `sessions` VALUES ('68d2d576-2358-4078-b3e4-d4435f331915', 'rO0ABXNyACpvcmcuYXBhY2hlLnNoaXJvLnNlc3Npb24ubWd0LlNpbXBsZVNlc3Npb26dHKG41YxibgMAAHhwdwIAm3QAJDY4ZDJkNTc2LTIzNTgtNDA3OC1iM2U0LWQ0NDM1ZjMzMTkxNXNyAA5qYXZhLnV0aWwuRGF0ZWhqgQFLWXQZAwAAeHB3CAAAAXJVIdSCeHEAfgAEdwgAAAAAABt3QHNyABFqYXZhLnV0aWwuSGFzaE1hcAUH2sHDFmDRAwACRgAKbG9hZEZhY3RvckkACXRocmVzaG9sZHhwP0AAAAAAAAx3CAAAABAAAAABdAATU0VTU0lPTl9VUERBVEVfRkFMR3NxAH4AA3cIAAABclUh1IN4eHg=', '2020-05-27 02:56:20', NULL, NULL);
INSERT INTO `sessions` VALUES ('6d374c9a-7e18-439c-8bef-9d4cf38a7cfa', 'rO0ABXNyACpvcmcuYXBhY2hlLnNoaXJvLnNlc3Npb24ubWd0LlNpbXBsZVNlc3Npb26dHKG41YxibgMAAHhwdwIA23QAJDZkMzc0YzlhLTdlMTgtNDM5Yy04YmVmLTlkNGNmMzhhN2NmYXNyAA5qYXZhLnV0aWwuRGF0ZWhqgQFLWXQZAwAAeHB3CAAAAXJeg4HBeHEAfgAEdxkAAAAAABt3QAAPMDowOjA6MDowOjA6MDoxc3IAEWphdmEudXRpbC5IYXNoTWFwBQfawcMWYNEDAAJGAApsb2FkRmFjdG9ySQAJdGhyZXNob2xkeHA/QAAAAAAADHcIAAAAEAAAAAF0ABNTRVNTSU9OX1VQREFURV9GQUxHc3EAfgADdwgAAAFyXoOBwXh4eA==', '2020-05-29 03:39:36', NULL, NULL);
INSERT INTO `sessions` VALUES ('6d993036-758c-449c-ba1f-8c62ea1050dd', 'rO0ABXNyACpvcmcuYXBhY2hlLnNoaXJvLnNlc3Npb24ubWd0LlNpbXBsZVNlc3Npb26dHKG41YxibgMAAHhwdwIAm3QAJDZkOTkzMDM2LTc1OGMtNDQ5Yy1iYTFmLThjNjJlYTEwNTBkZHNyAA5qYXZhLnV0aWwuRGF0ZWhqgQFLWXQZAwAAeHB3CAAAAXJU32uxeHEAfgAEdwgAAAAAABt3QHNyABFqYXZhLnV0aWwuSGFzaE1hcAUH2sHDFmDRAwACRgAKbG9hZEZhY3RvckkACXRocmVzaG9sZHhwP0AAAAAAAAx3CAAAABAAAAABdAATU0VTU0lPTl9VUERBVEVfRkFMR3NxAH4AA3cIAAABclTfa7J4eHg=', '2020-05-27 01:43:48', NULL, NULL);
INSERT INTO `sessions` VALUES ('70bdd864-f7cd-4fe6-aca2-7e6600a17ab3', 'rO0ABXNyACpvcmcuYXBhY2hlLnNoaXJvLnNlc3Npb24ubWd0LlNpbXBsZVNlc3Npb26dHKG41YxibgMAAHhwdwIAm3QAJDcwYmRkODY0LWY3Y2QtNGZlNi1hY2EyLTdlNjYwMGExN2FiM3NyAA5qYXZhLnV0aWwuRGF0ZWhqgQFLWXQZAwAAeHB3CAAAAXJURDPNeHEAfgAEdwgAAAAAABt3QHNyABFqYXZhLnV0aWwuSGFzaE1hcAUH2sHDFmDRAwACRgAKbG9hZEZhY3RvckkACXRocmVzaG9sZHhwP0AAAAAAAAx3CAAAABAAAAABdAATU0VTU0lPTl9VUERBVEVfRkFMR3NxAH4AA3cIAAABclREM814eHg=', '2020-05-26 22:54:15', NULL, NULL);
INSERT INTO `sessions` VALUES ('7267ff7f-fcee-483d-b58c-b7f3075e3747', 'rO0ABXNyACpvcmcuYXBhY2hlLnNoaXJvLnNlc3Npb24ubWd0LlNpbXBsZVNlc3Npb26dHKG41YxibgMAAHhwdwIAm3QAJDcyNjdmZjdmLWZjZWUtNDgzZC1iNThjLWI3ZjMwNzVlMzc0N3NyAA5qYXZhLnV0aWwuRGF0ZWhqgQFLWXQZAwAAeHB3CAAAAXJUR65teHEAfgAEdwgAAAAAABt3QHNyABFqYXZhLnV0aWwuSGFzaE1hcAUH2sHDFmDRAwACRgAKbG9hZEZhY3RvckkACXRocmVzaG9sZHhwP0AAAAAAAAx3CAAAABAAAAABdAATU0VTU0lPTl9VUERBVEVfRkFMR3NxAH4AA3cIAAABclRHrm14eHg=', '2020-05-26 22:58:03', NULL, NULL);
INSERT INTO `sessions` VALUES ('73bdd726-5d28-4d3c-91cf-162b8d364fc8', 'rO0ABXNyACpvcmcuYXBhY2hlLnNoaXJvLnNlc3Npb24ubWd0LlNpbXBsZVNlc3Npb26dHKG41YxibgMAAHhwdwIAm3QAJDczYmRkNzI2LTVkMjgtNGQzYy05MWNmLTE2MmI4ZDM2NGZjOHNyAA5qYXZhLnV0aWwuRGF0ZWhqgQFLWXQZAwAAeHB3CAAAAXJUPxS2eHEAfgAEdwgAAAAAABt3QHNyABFqYXZhLnV0aWwuSGFzaE1hcAUH2sHDFmDRAwACRgAKbG9hZEZhY3RvckkACXRocmVzaG9sZHhwP0AAAAAAAAx3CAAAABAAAAABdAATU0VTU0lPTl9VUERBVEVfRkFMR3NyAA5qYXZhLmxhbmcuTG9uZzuL5JDMjyPfAgABSgAFdmFsdWV4cgAQamF2YS5sYW5nLk51bWJlcoaslR0LlOCLAgAAeHAAAAFyVD8Utnh4', '2020-05-26 22:48:40', NULL, NULL);
INSERT INTO `sessions` VALUES ('7472eec6-753f-4856-ac15-60bab6c6c352', 'rO0ABXNyACpvcmcuYXBhY2hlLnNoaXJvLnNlc3Npb24ubWd0LlNpbXBsZVNlc3Npb26dHKG41YxibgMAAHhwdwIAm3QAJDc0NzJlZWM2LTc1M2YtNDg1Ni1hYzE1LTYwYmFiNmM2YzM1MnNyAA5qYXZhLnV0aWwuRGF0ZWhqgQFLWXQZAwAAeHB3CAAAAXJUdPCmeHEAfgAEdwgAAAAAABt3QHNyABFqYXZhLnV0aWwuSGFzaE1hcAUH2sHDFmDRAwACRgAKbG9hZEZhY3RvckkACXRocmVzaG9sZHhwP0AAAAAAAAx3CAAAABAAAAABdAATU0VTU0lPTl9VUERBVEVfRkFMR3NxAH4AA3cIAAABclR08Kd4eHg=', '2020-05-26 23:47:29', NULL, NULL);
INSERT INTO `sessions` VALUES ('74b2ae37-6614-4e56-89f1-cea6ba4b4dc7', 'rO0ABXNyACpvcmcuYXBhY2hlLnNoaXJvLnNlc3Npb24ubWd0LlNpbXBsZVNlc3Npb26dHKG41YxibgMAAHhwdwIAm3QAJDc0YjJhZTM3LTY2MTQtNGU1Ni04OWYxLWNlYTZiYTRiNGRjN3NyAA5qYXZhLnV0aWwuRGF0ZWhqgQFLWXQZAwAAeHB3CAAAAXJZl8I9eHEAfgAEdwgAAAAAABt3QHNyABFqYXZhLnV0aWwuSGFzaE1hcAUH2sHDFmDRAwACRgAKbG9hZEZhY3RvckkACXRocmVzaG9sZHhwP0AAAAAAAAx3CAAAABAAAAABdAATU0VTU0lPTl9VUERBVEVfRkFMR3NxAH4AA3cIAAABclmXwj14eHg=', '2020-05-27 23:43:37', NULL, NULL);
INSERT INTO `sessions` VALUES ('798f74aa-fafa-4aea-a86f-e34c557a6a1e', 'rO0ABXNyACpvcmcuYXBhY2hlLnNoaXJvLnNlc3Npb24ubWd0LlNpbXBsZVNlc3Npb26dHKG41YxibgMAAHhwdwIAm3QAJDc5OGY3NGFhLWZhZmEtNGFlYS1hODZmLWUzNGM1NTdhNmExZXNyAA5qYXZhLnV0aWwuRGF0ZWhqgQFLWXQZAwAAeHB3CAAAAXJUP9AneHEAfgAEdwgAAAAAABt3QHNyABFqYXZhLnV0aWwuSGFzaE1hcAUH2sHDFmDRAwACRgAKbG9hZEZhY3RvckkACXRocmVzaG9sZHhwP0AAAAAAAAx3CAAAABAAAAABdAATU0VTU0lPTl9VUERBVEVfRkFMR3NyAA5qYXZhLmxhbmcuTG9uZzuL5JDMjyPfAgABSgAFdmFsdWV4cgAQamF2YS5sYW5nLk51bWJlcoaslR0LlOCLAgAAeHAAAAFyVD/QJ3h4', '2020-05-26 22:49:28', NULL, NULL);
INSERT INTO `sessions` VALUES ('7aaaf37d-1295-4550-9cd0-a9ed211fdf7c', 'rO0ABXNyACpvcmcuYXBhY2hlLnNoaXJvLnNlc3Npb24ubWd0LlNpbXBsZVNlc3Npb26dHKG41YxibgMAAHhwdwIAm3QAJDdhYWFmMzdkLTEyOTUtNDU1MC05Y2QwLWE5ZWQyMTFmZGY3Y3NyAA5qYXZhLnV0aWwuRGF0ZWhqgQFLWXQZAwAAeHB3CAAAAXJVJ9KseHEAfgAEdwgAAAAAABt3QHNyABFqYXZhLnV0aWwuSGFzaE1hcAUH2sHDFmDRAwACRgAKbG9hZEZhY3RvckkACXRocmVzaG9sZHhwP0AAAAAAAAx3CAAAABAAAAABdAATU0VTU0lPTl9VUERBVEVfRkFMR3NxAH4AA3cIAAABclUn0qx4eHg=', '2020-05-27 03:02:53', NULL, NULL);
INSERT INTO `sessions` VALUES ('7abed71e-ff7d-4f96-aef9-6b04c4377dc3', 'rO0ABXNyACpvcmcuYXBhY2hlLnNoaXJvLnNlc3Npb24ubWd0LlNpbXBsZVNlc3Npb26dHKG41YxibgMAAHhwdwIAm3QAJDdhYmVkNzFlLWZmN2QtNGY5Ni1hZWY5LTZiMDRjNDM3N2RjM3NyAA5qYXZhLnV0aWwuRGF0ZWhqgQFLWXQZAwAAeHB3CAAAAXJUSIKoeHEAfgAEdwgAAAAAABt3QHNyABFqYXZhLnV0aWwuSGFzaE1hcAUH2sHDFmDRAwACRgAKbG9hZEZhY3RvckkACXRocmVzaG9sZHhwP0AAAAAAAAx3CAAAABAAAAABdAATU0VTU0lPTl9VUERBVEVfRkFMR3NxAH4AA3cIAAABclRIgqh4eHg=', '2020-05-26 22:58:58', NULL, NULL);
INSERT INTO `sessions` VALUES ('7bc8f9d7-5183-4067-be8f-80501fde09f7', 'rO0ABXNyACpvcmcuYXBhY2hlLnNoaXJvLnNlc3Npb24ubWd0LlNpbXBsZVNlc3Npb26dHKG41YxibgMAAHhwdwIAm3QAJDdiYzhmOWQ3LTUxODMtNDA2Ny1iZThmLTgwNTAxZmRlMDlmN3NyAA5qYXZhLnV0aWwuRGF0ZWhqgQFLWXQZAwAAeHB3CAAAAXJUP5/veHEAfgAEdwgAAAAAABt3QHNyABFqYXZhLnV0aWwuSGFzaE1hcAUH2sHDFmDRAwACRgAKbG9hZEZhY3RvckkACXRocmVzaG9sZHhwP0AAAAAAAAx3CAAAABAAAAABdAATU0VTU0lPTl9VUERBVEVfRkFMR3NyAA5qYXZhLmxhbmcuTG9uZzuL5JDMjyPfAgABSgAFdmFsdWV4cgAQamF2YS5sYW5nLk51bWJlcoaslR0LlOCLAgAAeHAAAAFyVD+f8Hh4', '2020-05-26 22:49:15', NULL, NULL);
INSERT INTO `sessions` VALUES ('7c8207ff-fee4-4f6a-bb94-5da624d8d3be', 'rO0ABXNyACpvcmcuYXBhY2hlLnNoaXJvLnNlc3Npb24ubWd0LlNpbXBsZVNlc3Npb26dHKG41YxibgMAAHhwdwIA23QAJDdjODIwN2ZmLWZlZTQtNGY2YS1iYjk0LTVkYTYyNGQ4ZDNiZXNyAA5qYXZhLnV0aWwuRGF0ZWhqgQFLWXQZAwAAeHB3CAAAAXJW1r0KeHEAfgAEdxkAAAAAABt3QAAPMDowOjA6MDowOjA6MDoxc3IAEWphdmEudXRpbC5IYXNoTWFwBQfawcMWYNEDAAJGAApsb2FkRmFjdG9ySQAJdGhyZXNob2xkeHA/QAAAAAAADHcIAAAAEAAAAAF0ABNTRVNTSU9OX1VQREFURV9GQUxHc3EAfgADdwgAAAFyVta9Cnh4eA==', '2020-05-27 10:53:33', NULL, NULL);
INSERT INTO `sessions` VALUES ('7d1dff00-c872-486b-942d-a62002c1f60d', 'rO0ABXNyACpvcmcuYXBhY2hlLnNoaXJvLnNlc3Npb24ubWd0LlNpbXBsZVNlc3Npb26dHKG41YxibgMAAHhwdwIAm3QAJDdkMWRmZjAwLWM4NzItNDg2Yi05NDJkLWE2MjAwMmMxZjYwZHNyAA5qYXZhLnV0aWwuRGF0ZWhqgQFLWXQZAwAAeHB3CAAAAXJVIuezeHEAfgAEdwgAAAAAABt3QHNyABFqYXZhLnV0aWwuSGFzaE1hcAUH2sHDFmDRAwACRgAKbG9hZEZhY3RvckkACXRocmVzaG9sZHhwP0AAAAAAAAx3CAAAABAAAAABdAATU0VTU0lPTl9VUERBVEVfRkFMR3NxAH4AA3cIAAABclUi57N4eHg=', '2020-05-27 02:57:30', NULL, NULL);
INSERT INTO `sessions` VALUES ('8368cd5a-f44b-405c-b5c1-645d14dff4b9', 'rO0ABXNyACpvcmcuYXBhY2hlLnNoaXJvLnNlc3Npb24ubWd0LlNpbXBsZVNlc3Npb26dHKG41YxibgMAAHhwdwIAm3QAJDgzNjhjZDVhLWY0NGItNDA1Yy1iNWMxLTY0NWQxNGRmZjRiOXNyAA5qYXZhLnV0aWwuRGF0ZWhqgQFLWXQZAwAAeHB3CAAAAXJUSA7oeHEAfgAEdwgAAAAAABt3QHNyABFqYXZhLnV0aWwuSGFzaE1hcAUH2sHDFmDRAwACRgAKbG9hZEZhY3RvckkACXRocmVzaG9sZHhwP0AAAAAAAAx3CAAAABAAAAABdAATU0VTU0lPTl9VUERBVEVfRkFMR3NxAH4AA3cIAAABclRIDuh4eHg=', '2020-05-26 22:58:28', NULL, NULL);
INSERT INTO `sessions` VALUES ('8442d1be-85d5-4174-9e0e-f698e44fa26c', 'rO0ABXNyACpvcmcuYXBhY2hlLnNoaXJvLnNlc3Npb24ubWd0LlNpbXBsZVNlc3Npb26dHKG41YxibgMAAHhwdwIAm3QAJDg0NDJkMWJlLTg1ZDUtNDE3NC05ZTBlLWY2OThlNDRmYTI2Y3NyAA5qYXZhLnV0aWwuRGF0ZWhqgQFLWXQZAwAAeHB3CAAAAXJecexleHEAfgAEdwgAAAAAABt3QHNyABFqYXZhLnV0aWwuSGFzaE1hcAUH2sHDFmDRAwACRgAKbG9hZEZhY3RvckkACXRocmVzaG9sZHhwP0AAAAAAAAx3CAAAABAAAAABdAATU0VTU0lPTl9VUERBVEVfRkFMR3NxAH4AA3cIAAABcl5x7GV4eHg=', '2020-05-29 03:20:24', NULL, NULL);
INSERT INTO `sessions` VALUES ('84ebd119-5b42-4223-8168-0798c130ee0e', 'rO0ABXNyACpvcmcuYXBhY2hlLnNoaXJvLnNlc3Npb24ubWd0LlNpbXBsZVNlc3Npb26dHKG41YxibgMAAHhwdwIAm3QAJDg0ZWJkMTE5LTViNDItNDIyMy04MTY4LTA3OThjMTMwZWUwZXNyAA5qYXZhLnV0aWwuRGF0ZWhqgQFLWXQZAwAAeHB3CAAAAXJVIueWeHEAfgAEdwgAAAAAABt3QHNyABFqYXZhLnV0aWwuSGFzaE1hcAUH2sHDFmDRAwACRgAKbG9hZEZhY3RvckkACXRocmVzaG9sZHhwP0AAAAAAAAx3CAAAABAAAAABdAATU0VTU0lPTl9VUERBVEVfRkFMR3NxAH4AA3cIAAABclUi55Z4eHg=', '2020-05-27 02:57:30', NULL, NULL);
INSERT INTO `sessions` VALUES ('8547123c-c0dc-43ee-a9be-4f8294d48880', 'rO0ABXNyACpvcmcuYXBhY2hlLnNoaXJvLnNlc3Npb24ubWd0LlNpbXBsZVNlc3Npb26dHKG41YxibgMAAHhwdwIAm3QAJDg1NDcxMjNjLWMwZGMtNDNlZS1hOWJlLTRmODI5NGQ0ODg4MHNyAA5qYXZhLnV0aWwuRGF0ZWhqgQFLWXQZAwAAeHB3CAAAAXJZm6soeHEAfgAEdwgAAAAAABt3QHNyABFqYXZhLnV0aWwuSGFzaE1hcAUH2sHDFmDRAwACRgAKbG9hZEZhY3RvckkACXRocmVzaG9sZHhwP0AAAAAAAAx3CAAAABAAAAABdAATU0VTU0lPTl9VUERBVEVfRkFMR3NxAH4AA3cIAAABclmbqyh4eHg=', '2020-05-27 23:47:54', NULL, NULL);
INSERT INTO `sessions` VALUES ('857758fa-2afa-4208-a106-66a1cd2a9860', 'rO0ABXNyACpvcmcuYXBhY2hlLnNoaXJvLnNlc3Npb24ubWd0LlNpbXBsZVNlc3Npb26dHKG41YxibgMAAHhwdwIAm3QAJDg1Nzc1OGZhLTJhZmEtNDIwOC1hMTA2LTY2YTFjZDJhOTg2MHNyAA5qYXZhLnV0aWwuRGF0ZWhqgQFLWXQZAwAAeHB3CAAAAXJgGVX5eHEAfgAEdwgAAAAAABt3QHNyABFqYXZhLnV0aWwuSGFzaE1hcAUH2sHDFmDRAwACRgAKbG9hZEZhY3RvckkACXRocmVzaG9sZHhwP0AAAAAAAAx3CAAAABAAAAABdAATU0VTU0lPTl9VUERBVEVfRkFMR3NxAH4AA3cIAAABcmAZVfp4eHg=', '2020-05-29 11:02:53', NULL, NULL);
INSERT INTO `sessions` VALUES ('86033d91-7623-487a-a203-3fcb3089e3c7', 'rO0ABXNyACpvcmcuYXBhY2hlLnNoaXJvLnNlc3Npb24ubWd0LlNpbXBsZVNlc3Npb26dHKG41YxibgMAAHhwdwIAm3QAJDg2MDMzZDkxLTc2MjMtNDg3YS1hMjAzLTNmY2IzMDg5ZTNjN3NyAA5qYXZhLnV0aWwuRGF0ZWhqgQFLWXQZAwAAeHB3CAAAAXJUb3QreHEAfgAEdwgAAAAAABt3QHNyABFqYXZhLnV0aWwuSGFzaE1hcAUH2sHDFmDRAwACRgAKbG9hZEZhY3RvckkACXRocmVzaG9sZHhwP0AAAAAAAAx3CAAAABAAAAABdAATU0VTU0lPTl9VUERBVEVfRkFMR3NxAH4AA3cIAAABclRvdCt4eHg=', '2020-05-26 23:41:30', NULL, NULL);
INSERT INTO `sessions` VALUES ('86db0573-6bae-4e66-920c-c316b59215f7', 'rO0ABXNyACpvcmcuYXBhY2hlLnNoaXJvLnNlc3Npb24ubWd0LlNpbXBsZVNlc3Npb26dHKG41YxibgMAAHhwdwIAm3QAJDg2ZGIwNTczLTZiYWUtNGU2Ni05MjBjLWMzMTZiNTkyMTVmN3NyAA5qYXZhLnV0aWwuRGF0ZWhqgQFLWXQZAwAAeHB3CAAAAXJZ7dY4eHEAfgAEdwgAAAAAABt3QHNyABFqYXZhLnV0aWwuSGFzaE1hcAUH2sHDFmDRAwACRgAKbG9hZEZhY3RvckkACXRocmVzaG9sZHhwP0AAAAAAAAx3CAAAABAAAAABdAATU0VTU0lPTl9VUERBVEVfRkFMR3NxAH4AA3cIAAABclnt1jh4eHg=', '2020-05-28 01:17:39', NULL, NULL);
INSERT INTO `sessions` VALUES ('86fcfae8-4e64-4df8-a66f-44dd1ffa793d', 'rO0ABXNyACpvcmcuYXBhY2hlLnNoaXJvLnNlc3Npb24ubWd0LlNpbXBsZVNlc3Npb26dHKG41YxibgMAAHhwdwIAm3QAJDg2ZmNmYWU4LTRlNjQtNGRmOC1hNjZmLTQ0ZGQxZmZhNzkzZHNyAA5qYXZhLnV0aWwuRGF0ZWhqgQFLWXQZAwAAeHB3CAAAAXJUXtKteHEAfgAEdwgAAAAAABt3QHNyABFqYXZhLnV0aWwuSGFzaE1hcAUH2sHDFmDRAwACRgAKbG9hZEZhY3RvckkACXRocmVzaG9sZHhwP0AAAAAAAAx3CAAAABAAAAABdAATU0VTU0lPTl9VUERBVEVfRkFMR3NxAH4AA3cIAAABclRe0q14eHg=', '2020-05-26 23:23:20', NULL, NULL);
INSERT INTO `sessions` VALUES ('8756e615-a992-4893-a7ca-e7e7a85b2b44', 'rO0ABXNyACpvcmcuYXBhY2hlLnNoaXJvLnNlc3Npb24ubWd0LlNpbXBsZVNlc3Npb26dHKG41YxibgMAAHhwdwIA23QAJDg3NTZlNjE1LWE5OTItNDg5My1hN2NhLWU3ZTdhODViMmI0NHNyAA5qYXZhLnV0aWwuRGF0ZWhqgQFLWXQZAwAAeHB3CAAAAXJW+qaqeHEAfgAEdxkAAAAAABt3QAAPMDowOjA6MDowOjA6MDoxc3IAEWphdmEudXRpbC5IYXNoTWFwBQfawcMWYNEDAAJGAApsb2FkRmFjdG9ySQAJdGhyZXNob2xkeHA/QAAAAAAADHcIAAAAEAAAAAF0ABNTRVNTSU9OX1VQREFURV9GQUxHc3EAfgADdwgAAAFyVvqmq3h4eA==', '2020-05-27 11:32:47', NULL, NULL);
INSERT INTO `sessions` VALUES ('87d2f062-58e3-4880-93ec-c49bfd94bb63', 'rO0ABXNyACpvcmcuYXBhY2hlLnNoaXJvLnNlc3Npb24ubWd0LlNpbXBsZVNlc3Npb26dHKG41YxibgMAAHhwdwIAm3QAJDg3ZDJmMDYyLTU4ZTMtNDg4MC05M2VjLWM0OWJmZDk0YmI2M3NyAA5qYXZhLnV0aWwuRGF0ZWhqgQFLWXQZAwAAeHB3CAAAAXJU6MuzeHEAfgAEdwgAAAAAABt3QHNyABFqYXZhLnV0aWwuSGFzaE1hcAUH2sHDFmDRAwACRgAKbG9hZEZhY3RvckkACXRocmVzaG9sZHhwP0AAAAAAAAx3CAAAABAAAAABdAATU0VTU0lPTl9VUERBVEVfRkFMR3NxAH4AA3cIAAABclToy7N4eHg=', '2020-05-27 01:54:02', NULL, NULL);
INSERT INTO `sessions` VALUES ('8a4b9bfa-9675-481b-921b-ba2d37289fed', 'rO0ABXNyACpvcmcuYXBhY2hlLnNoaXJvLnNlc3Npb24ubWd0LlNpbXBsZVNlc3Npb26dHKG41YxibgMAAHhwdwIAm3QAJDhhNGI5YmZhLTk2NzUtNDgxYi05MjFiLWJhMmQzNzI4OWZlZHNyAA5qYXZhLnV0aWwuRGF0ZWhqgQFLWXQZAwAAeHB3CAAAAXJU7jwheHEAfgAEdwgAAAAAABt3QHNyABFqYXZhLnV0aWwuSGFzaE1hcAUH2sHDFmDRAwACRgAKbG9hZEZhY3RvckkACXRocmVzaG9sZHhwP0AAAAAAAAx3CAAAABAAAAABdAATU0VTU0lPTl9VUERBVEVfRkFMR3NxAH4AA3cIAAABclTuPCJ4eHg=', '2020-05-27 01:59:59', NULL, NULL);
INSERT INTO `sessions` VALUES ('8aa07633-c260-4f37-adfc-b23147167e9e', 'rO0ABXNyACpvcmcuYXBhY2hlLnNoaXJvLnNlc3Npb24ubWd0LlNpbXBsZVNlc3Npb26dHKG41YxibgMAAHhwdwIAm3QAJDhhYTA3NjMzLWMyNjAtNGYzNy1hZGZjLWIyMzE0NzE2N2U5ZXNyAA5qYXZhLnV0aWwuRGF0ZWhqgQFLWXQZAwAAeHB3CAAAAXJUSLFFeHEAfgAEdwgAAAAAABt3QHNyABFqYXZhLnV0aWwuSGFzaE1hcAUH2sHDFmDRAwACRgAKbG9hZEZhY3RvckkACXRocmVzaG9sZHhwP0AAAAAAAAx3CAAAABAAAAABdAATU0VTU0lPTl9VUERBVEVfRkFMR3NxAH4AA3cIAAABclRIsUV4eHg=', '2020-05-26 22:59:10', NULL, NULL);
INSERT INTO `sessions` VALUES ('8bd4c75e-6043-42c4-ac65-839faba8b882', 'rO0ABXNyACpvcmcuYXBhY2hlLnNoaXJvLnNlc3Npb24ubWd0LlNpbXBsZVNlc3Npb26dHKG41YxibgMAAHhwdwIAm3QAJDhiZDRjNzVlLTYwNDMtNDJjNC1hYzY1LTgzOWZhYmE4Yjg4MnNyAA5qYXZhLnV0aWwuRGF0ZWhqgQFLWXQZAwAAeHB3CAAAAXJULYE1eHEAfgAEdwgAAAAAABt3QHNyABFqYXZhLnV0aWwuSGFzaE1hcAUH2sHDFmDRAwACRgAKbG9hZEZhY3RvckkACXRocmVzaG9sZHhwP0AAAAAAAAx3CAAAABAAAAABdAATU0VTU0lPTl9VUERBVEVfRkFMR3NyAA5qYXZhLmxhbmcuTG9uZzuL5JDMjyPfAgABSgAFdmFsdWV4cgAQamF2YS5sYW5nLk51bWJlcoaslR0LlOCLAgAAeHAAAAFyVC2BNXh4', '2020-05-26 22:29:28', NULL, NULL);
INSERT INTO `sessions` VALUES ('8c463cf3-8be8-45aa-803b-2a85c0ddc5ca', 'rO0ABXNyACpvcmcuYXBhY2hlLnNoaXJvLnNlc3Npb24ubWd0LlNpbXBsZVNlc3Npb26dHKG41YxibgMAAHhwdwIAm3QAJDhjNDYzY2YzLThiZTgtNDVhYS04MDNiLTJhODVjMGRkYzVjYXNyAA5qYXZhLnV0aWwuRGF0ZWhqgQFLWXQZAwAAeHB3CAAAAXJec8pjeHEAfgAEdwgAAAAAABt3QHNyABFqYXZhLnV0aWwuSGFzaE1hcAUH2sHDFmDRAwACRgAKbG9hZEZhY3RvckkACXRocmVzaG9sZHhwP0AAAAAAAAx3CAAAABAAAAABdAATU0VTU0lPTl9VUERBVEVfRkFMR3NxAH4AA3cIAAABcl5zymR4eHg=', '2020-05-29 03:22:26', NULL, NULL);
INSERT INTO `sessions` VALUES ('8c676635-e844-43da-b913-f70147530ee8', 'rO0ABXNyACpvcmcuYXBhY2hlLnNoaXJvLnNlc3Npb24ubWd0LlNpbXBsZVNlc3Npb26dHKG41YxibgMAAHhwdwIA23QAJDhjNjc2NjM1LWU4NDQtNDNkYS1iOTEzLWY3MDE0NzUzMGVlOHNyAA5qYXZhLnV0aWwuRGF0ZWhqgQFLWXQZAwAAeHB3CAAAAXJf/PzteHEAfgAEdxkAAAAAABt3QAAPMDowOjA6MDowOjA6MDoxc3IAEWphdmEudXRpbC5IYXNoTWFwBQfawcMWYNEDAAJGAApsb2FkRmFjdG9ySQAJdGhyZXNob2xkeHA/QAAAAAAADHcIAAAAEAAAAAF0ABNTRVNTSU9OX1VQREFURV9GQUxHc3EAfgADdwgAAAFyX/z87Xh4eA==', '2020-05-29 10:31:55', NULL, NULL);
INSERT INTO `sessions` VALUES ('8d0a7ae3-ff47-45e3-974e-402642cbb9c9', 'rO0ABXNyACpvcmcuYXBhY2hlLnNoaXJvLnNlc3Npb24ubWd0LlNpbXBsZVNlc3Npb26dHKG41YxibgMAAHhwdwIAm3QAJDhkMGE3YWUzLWZmNDctNDVlMy05NzRlLTQwMjY0MmNiYjljOXNyAA5qYXZhLnV0aWwuRGF0ZWhqgQFLWXQZAwAAeHB3CAAAAXJVIdR9eHEAfgAEdwgAAAAAABt3QHNyABFqYXZhLnV0aWwuSGFzaE1hcAUH2sHDFmDRAwACRgAKbG9hZEZhY3RvckkACXRocmVzaG9sZHhwP0AAAAAAAAx3CAAAABAAAAABdAATU0VTU0lPTl9VUERBVEVfRkFMR3NxAH4AA3cIAAABclUh1H14eHg=', '2020-05-27 02:56:20', NULL, NULL);
INSERT INTO `sessions` VALUES ('8dab0c68-e4d7-4b56-8cd6-b5756ebc9515', 'rO0ABXNyACpvcmcuYXBhY2hlLnNoaXJvLnNlc3Npb24ubWd0LlNpbXBsZVNlc3Npb26dHKG41YxibgMAAHhwdwIAm3QAJDhkYWIwYzY4LWU0ZDctNGI1Ni04Y2Q2LWI1NzU2ZWJjOTUxNXNyAA5qYXZhLnV0aWwuRGF0ZWhqgQFLWXQZAwAAeHB3CAAAAXJULZcZeHEAfgAEdwgAAAAAABt3QHNyABFqYXZhLnV0aWwuSGFzaE1hcAUH2sHDFmDRAwACRgAKbG9hZEZhY3RvckkACXRocmVzaG9sZHhwP0AAAAAAAAx3CAAAABAAAAABdAATU0VTU0lPTl9VUERBVEVfRkFMR3NyAA5qYXZhLmxhbmcuTG9uZzuL5JDMjyPfAgABSgAFdmFsdWV4cgAQamF2YS5sYW5nLk51bWJlcoaslR0LlOCLAgAAeHAAAAFyVC2XGXh4', '2020-05-26 22:29:33', NULL, NULL);
INSERT INTO `sessions` VALUES ('8df5d7e4-b1ff-4f20-942f-8fc4dc5ce584', 'rO0ABXNyACpvcmcuYXBhY2hlLnNoaXJvLnNlc3Npb24ubWd0LlNpbXBsZVNlc3Npb26dHKG41YxibgMAAHhwdwIAm3QAJDhkZjVkN2U0LWIxZmYtNGYyMC05NDJmLThmYzRkYzVjZTU4NHNyAA5qYXZhLnV0aWwuRGF0ZWhqgQFLWXQZAwAAeHB3CAAAAXJUQ6cveHEAfgAEdwgAAAAAABt3QHNyABFqYXZhLnV0aWwuSGFzaE1hcAUH2sHDFmDRAwACRgAKbG9hZEZhY3RvckkACXRocmVzaG9sZHhwP0AAAAAAAAx3CAAAABAAAAABdAATU0VTU0lPTl9VUERBVEVfRkFMR3NxAH4AA3cIAAABclRDpy94eHg=', '2020-05-26 22:53:39', NULL, NULL);
INSERT INTO `sessions` VALUES ('90aa83a4-fda3-4859-a4f5-1babe3165ad1', 'rO0ABXNyACpvcmcuYXBhY2hlLnNoaXJvLnNlc3Npb24ubWd0LlNpbXBsZVNlc3Npb26dHKG41YxibgMAAHhwdwIAm3QAJDkwYWE4M2E0LWZkYTMtNDg1OS1hNGY1LTFiYWJlMzE2NWFkMXNyAA5qYXZhLnV0aWwuRGF0ZWhqgQFLWXQZAwAAeHB3CAAAAXJUR2p/eHEAfgAEdwgAAAAAABt3QHNyABFqYXZhLnV0aWwuSGFzaE1hcAUH2sHDFmDRAwACRgAKbG9hZEZhY3RvckkACXRocmVzaG9sZHhwP0AAAAAAAAx3CAAAABAAAAABdAATU0VTU0lPTl9VUERBVEVfRkFMR3NxAH4AA3cIAAABclRHaoB4eHg=', '2020-05-26 22:57:46', NULL, NULL);
INSERT INTO `sessions` VALUES ('9118564b-d69a-4c11-90b9-4eef1ffedbc4', 'rO0ABXNyACpvcmcuYXBhY2hlLnNoaXJvLnNlc3Npb24ubWd0LlNpbXBsZVNlc3Npb26dHKG41YxibgMAAHhwdwIAm3QAJDkxMTg1NjRiLWQ2OWEtNGMxMS05MGI5LTRlZWYxZmZlZGJjNHNyAA5qYXZhLnV0aWwuRGF0ZWhqgQFLWXQZAwAAeHB3CAAAAXJUQ+4LeHEAfgAEdwgAAAAAABt3QHNyABFqYXZhLnV0aWwuSGFzaE1hcAUH2sHDFmDRAwACRgAKbG9hZEZhY3RvckkACXRocmVzaG9sZHhwP0AAAAAAAAx3CAAAABAAAAABdAATU0VTU0lPTl9VUERBVEVfRkFMR3NxAH4AA3cIAAABclRD7gt4eHg=', '2020-05-26 22:53:58', NULL, NULL);
INSERT INTO `sessions` VALUES ('9152409c-c587-4253-8d15-248ff1bd0d0f', 'rO0ABXNyACpvcmcuYXBhY2hlLnNoaXJvLnNlc3Npb24ubWd0LlNpbXBsZVNlc3Npb26dHKG41YxibgMAAHhwdwIAm3QAJDkxNTI0MDljLWM1ODctNDI1My04ZDE1LTI0OGZmMWJkMGQwZnNyAA5qYXZhLnV0aWwuRGF0ZWhqgQFLWXQZAwAAeHB3CAAAAXJajDBGeHEAfgAEdwgAAAAAABt3QHNyABFqYXZhLnV0aWwuSGFzaE1hcAUH2sHDFmDRAwACRgAKbG9hZEZhY3RvckkACXRocmVzaG9sZHhwP0AAAAAAAAx3CAAAABAAAAABdAATU0VTU0lPTl9VUERBVEVfRkFMR3NxAH4AA3cIAAABclqMMEd4eHg=', '2020-05-28 04:10:36', NULL, NULL);
INSERT INTO `sessions` VALUES ('92485f70-1eed-4bd6-b40b-c5d24d8332f1', 'rO0ABXNyACpvcmcuYXBhY2hlLnNoaXJvLnNlc3Npb24ubWd0LlNpbXBsZVNlc3Npb26dHKG41YxibgMAAHhwdwIAm3QAJDkyNDg1ZjcwLTFlZWQtNGJkNi1iNDBiLWM1ZDI0ZDgzMzJmMXNyAA5qYXZhLnV0aWwuRGF0ZWhqgQFLWXQZAwAAeHB3CAAAAXJUP0IreHEAfgAEdwgAAAAAABt3QHNyABFqYXZhLnV0aWwuSGFzaE1hcAUH2sHDFmDRAwACRgAKbG9hZEZhY3RvckkACXRocmVzaG9sZHhwP0AAAAAAAAx3CAAAABAAAAABdAATU0VTU0lPTl9VUERBVEVfRkFMR3NyAA5qYXZhLmxhbmcuTG9uZzuL5JDMjyPfAgABSgAFdmFsdWV4cgAQamF2YS5sYW5nLk51bWJlcoaslR0LlOCLAgAAeHAAAAFyVD9CK3h4', '2020-05-26 22:48:51', NULL, NULL);
INSERT INTO `sessions` VALUES ('925d878d-0f72-41a7-b97c-65b57f62121e', 'rO0ABXNyACpvcmcuYXBhY2hlLnNoaXJvLnNlc3Npb24ubWd0LlNpbXBsZVNlc3Npb26dHKG41YxibgMAAHhwdwIAm3QAJDkyNWQ4NzhkLTBmNzItNDFhNy1iOTdjLTY1YjU3ZjYyMTIxZXNyAA5qYXZhLnV0aWwuRGF0ZWhqgQFLWXQZAwAAeHB3CAAAAXJULVNaeHEAfgAEdwgAAAAAABt3QHNyABFqYXZhLnV0aWwuSGFzaE1hcAUH2sHDFmDRAwACRgAKbG9hZEZhY3RvckkACXRocmVzaG9sZHhwP0AAAAAAAAx3CAAAABAAAAABdAATU0VTU0lPTl9VUERBVEVfRkFMR3NyAA5qYXZhLmxhbmcuTG9uZzuL5JDMjyPfAgABSgAFdmFsdWV4cgAQamF2YS5sYW5nLk51bWJlcoaslR0LlOCLAgAAeHAAAAFyVC1TWnh4', '2020-05-26 22:29:16', NULL, NULL);
INSERT INTO `sessions` VALUES ('9353a142-7ad9-4d2d-8dc9-5fe053969656', 'rO0ABXNyACpvcmcuYXBhY2hlLnNoaXJvLnNlc3Npb24ubWd0LlNpbXBsZVNlc3Npb26dHKG41YxibgMAAHhwdwIAm3QAJDkzNTNhMTQyLTdhZDktNGQyZC04ZGM5LTVmZTA1Mzk2OTY1NnNyAA5qYXZhLnV0aWwuRGF0ZWhqgQFLWXQZAwAAeHB3CAAAAXJUbN38eHEAfgAEdwgAAAAAABt3QHNyABFqYXZhLnV0aWwuSGFzaE1hcAUH2sHDFmDRAwACRgAKbG9hZEZhY3RvckkACXRocmVzaG9sZHhwP0AAAAAAAAx3CAAAABAAAAABdAATU0VTU0lPTl9VUERBVEVfRkFMR3NxAH4AA3cIAAABclRs3f14eHg=', '2020-05-26 23:38:40', NULL, NULL);
INSERT INTO `sessions` VALUES ('94f5efb5-bbe4-4bcd-b23a-8e8556d148cd', 'rO0ABXNyACpvcmcuYXBhY2hlLnNoaXJvLnNlc3Npb24ubWd0LlNpbXBsZVNlc3Npb26dHKG41YxibgMAAHhwdwIAm3QAJDk0ZjVlZmI1LWJiZTQtNGJjZC1iMjNhLThlODU1NmQxNDhjZHNyAA5qYXZhLnV0aWwuRGF0ZWhqgQFLWXQZAwAAeHB3CAAAAXJU6lhUeHEAfgAEdwgAAAAAABt3QHNyABFqYXZhLnV0aWwuSGFzaE1hcAUH2sHDFmDRAwACRgAKbG9hZEZhY3RvckkACXRocmVzaG9sZHhwP0AAAAAAAAx3CAAAABAAAAABdAATU0VTU0lPTl9VUERBVEVfRkFMR3NxAH4AA3cIAAABclTqWFR4eHg=', '2020-05-27 01:55:44', NULL, NULL);
INSERT INTO `sessions` VALUES ('968af865-56f8-411b-8d98-ae0964d079ed', 'rO0ABXNyACpvcmcuYXBhY2hlLnNoaXJvLnNlc3Npb24ubWd0LlNpbXBsZVNlc3Npb26dHKG41YxibgMAAHhwdwIA23QAJDk2OGFmODY1LTU2ZjgtNDExYi04ZDk4LWFlMDk2NGQwNzllZHNyAA5qYXZhLnV0aWwuRGF0ZWhqgQFLWXQZAwAAeHB3CAAAAXJaBYZbeHEAfgAEdxkAAAAAABt3QAAPMDowOjA6MDowOjA6MDoxc3IAEWphdmEudXRpbC5IYXNoTWFwBQfawcMWYNEDAAJGAApsb2FkRmFjdG9ySQAJdGhyZXNob2xkeHA/QAAAAAAADHcIAAAAEAAAAAF0ABNTRVNTSU9OX1VQREFURV9GQUxHc3EAfgADdwgAAAFyWgWGXHh4eA==', '2020-05-28 01:43:31', NULL, NULL);
INSERT INTO `sessions` VALUES ('97b0246e-d34a-405f-b5fe-79c2aab292d2', 'rO0ABXNyACpvcmcuYXBhY2hlLnNoaXJvLnNlc3Npb24ubWd0LlNpbXBsZVNlc3Npb26dHKG41YxibgMAAHhwdwIA23QAJDk3YjAyNDZlLWQzNGEtNDA1Zi1iNWZlLTc5YzJhYWIyOTJkMnNyAA5qYXZhLnV0aWwuRGF0ZWhqgQFLWXQZAwAAeHB3CAAAAXJWKBkVeHEAfgAEdxkAAAAAABt3QAAPMDowOjA6MDowOjA6MDoxc3IAEWphdmEudXRpbC5IYXNoTWFwBQfawcMWYNEDAAJGAApsb2FkRmFjdG9ySQAJdGhyZXNob2xkeHA/QAAAAAAADHcIAAAAEAAAAAF0ABNTRVNTSU9OX1VQREFURV9GQUxHc3EAfgADdwgAAAFyVigZFnh4eA==', '2020-05-27 07:42:48', NULL, NULL);
INSERT INTO `sessions` VALUES ('9836d86a-849c-46de-9212-ddb6cc0e7a50', 'rO0ABXNyACpvcmcuYXBhY2hlLnNoaXJvLnNlc3Npb24ubWd0LlNpbXBsZVNlc3Npb26dHKG41YxibgMAAHhwdwIAm3QAJDk4MzZkODZhLTg0OWMtNDZkZS05MjEyLWRkYjZjYzBlN2E1MHNyAA5qYXZhLnV0aWwuRGF0ZWhqgQFLWXQZAwAAeHB3CAAAAXJUSCT7eHEAfgAEdwgAAAAAABt3QHNyABFqYXZhLnV0aWwuSGFzaE1hcAUH2sHDFmDRAwACRgAKbG9hZEZhY3RvckkACXRocmVzaG9sZHhwP0AAAAAAAAx3CAAAABAAAAABdAATU0VTU0lPTl9VUERBVEVfRkFMR3NxAH4AA3cIAAABclRIJPt4eHg=', '2020-05-26 22:58:34', NULL, NULL);
INSERT INTO `sessions` VALUES ('9a3a9fc4-55a3-41d8-9d61-ef949a58f85a', 'rO0ABXNyACpvcmcuYXBhY2hlLnNoaXJvLnNlc3Npb24ubWd0LlNpbXBsZVNlc3Npb26dHKG41YxibgMAAHhwdwIAm3QAJDlhM2E5ZmM0LTU1YTMtNDFkOC05ZDYxLWVmOTQ5YTU4Zjg1YXNyAA5qYXZhLnV0aWwuRGF0ZWhqgQFLWXQZAwAAeHB3CAAAAXJUREwUeHEAfgAEdwgAAAAAABt3QHNyABFqYXZhLnV0aWwuSGFzaE1hcAUH2sHDFmDRAwACRgAKbG9hZEZhY3RvckkACXRocmVzaG9sZHhwP0AAAAAAAAx3CAAAABAAAAABdAATU0VTU0lPTl9VUERBVEVfRkFMR3NxAH4AA3cIAAABclRETBR4eHg=', '2020-05-26 22:54:22', NULL, NULL);
INSERT INTO `sessions` VALUES ('9b65c098-9d3e-42f4-95a3-b7945613b07a', 'rO0ABXNyACpvcmcuYXBhY2hlLnNoaXJvLnNlc3Npb24ubWd0LlNpbXBsZVNlc3Npb26dHKG41YxibgMAAHhwdwIAm3QAJDliNjVjMDk4LTlkM2UtNDJmNC05NWEzLWI3OTQ1NjEzYjA3YXNyAA5qYXZhLnV0aWwuRGF0ZWhqgQFLWXQZAwAAeHB3CAAAAXJVIdS0eHEAfgAEdwgAAAAAABt3QHNyABFqYXZhLnV0aWwuSGFzaE1hcAUH2sHDFmDRAwACRgAKbG9hZEZhY3RvckkACXRocmVzaG9sZHhwP0AAAAAAAAx3CAAAABAAAAABdAATU0VTU0lPTl9VUERBVEVfRkFMR3NxAH4AA3cIAAABclUh1LZ4eHg=', '2020-05-27 02:56:20', NULL, NULL);
INSERT INTO `sessions` VALUES ('9ca3381a-9d08-401a-a6b7-e9c0fcabccb1', 'rO0ABXNyACpvcmcuYXBhY2hlLnNoaXJvLnNlc3Npb24ubWd0LlNpbXBsZVNlc3Npb26dHKG41YxibgMAAHhwdwIAm3QAJDljYTMzODFhLTlkMDgtNDAxYS1hNmI3LWU5YzBmY2FiY2NiMXNyAA5qYXZhLnV0aWwuRGF0ZWhqgQFLWXQZAwAAeHB3CAAAAXJZ9JKLeHEAfgAEdwgAAAAAABt3QHNyABFqYXZhLnV0aWwuSGFzaE1hcAUH2sHDFmDRAwACRgAKbG9hZEZhY3RvckkACXRocmVzaG9sZHhwP0AAAAAAAAx3CAAAABAAAAABdAATU0VTU0lPTl9VUERBVEVfRkFMR3NxAH4AA3cIAAABcln0kot4eHg=', '2020-05-28 01:25:00', NULL, NULL);
INSERT INTO `sessions` VALUES ('a0346dd3-17a8-45f8-89dc-d15da7c82275', 'rO0ABXNyACpvcmcuYXBhY2hlLnNoaXJvLnNlc3Npb24ubWd0LlNpbXBsZVNlc3Npb26dHKG41YxibgMAAHhwdwIAm3QAJGEwMzQ2ZGQzLTE3YTgtNDVmOC04OWRjLWQxNWRhN2M4MjI3NXNyAA5qYXZhLnV0aWwuRGF0ZWhqgQFLWXQZAwAAeHB3CAAAAXJZldk5eHEAfgAEdwgAAAAAABt3QHNyABFqYXZhLnV0aWwuSGFzaE1hcAUH2sHDFmDRAwACRgAKbG9hZEZhY3RvckkACXRocmVzaG9sZHhwP0AAAAAAAAx3CAAAABAAAAABdAATU0VTU0lPTl9VUERBVEVfRkFMR3NxAH4AA3cIAAABclmV2Tp4eHg=', '2020-05-27 23:41:32', NULL, NULL);
INSERT INTO `sessions` VALUES ('a187d5d5-9e87-4d02-8c1d-1538e99c264f', 'rO0ABXNyACpvcmcuYXBhY2hlLnNoaXJvLnNlc3Npb24ubWd0LlNpbXBsZVNlc3Npb26dHKG41YxibgMAAHhwdwIA23QAJGExODdkNWQ1LTllODctNGQwMi04YzFkLTE1MzhlOTljMjY0ZnNyAA5qYXZhLnV0aWwuRGF0ZWhqgQFLWXQZAwAAeHB3CAAAAXJW1r0KeHEAfgAEdxkAAAAAABt3QAAPMDowOjA6MDowOjA6MDoxc3IAEWphdmEudXRpbC5IYXNoTWFwBQfawcMWYNEDAAJGAApsb2FkRmFjdG9ySQAJdGhyZXNob2xkeHA/QAAAAAAADHcIAAAAEAAAAAF0ABNTRVNTSU9OX1VQREFURV9GQUxHc3EAfgADdwgAAAFyVta9Cnh4eA==', '2020-05-27 10:53:33', NULL, NULL);
INSERT INTO `sessions` VALUES ('a3694d54-4bd5-464a-8a22-14af70a2d5c9', 'rO0ABXNyACpvcmcuYXBhY2hlLnNoaXJvLnNlc3Npb24ubWd0LlNpbXBsZVNlc3Npb26dHKG41YxibgMAAHhwdwIAm3QAJGEzNjk0ZDU0LTRiZDUtNDY0YS04YTIyLTE0YWY3MGEyZDVjOXNyAA5qYXZhLnV0aWwuRGF0ZWhqgQFLWXQZAwAAeHB3CAAAAXJU59XgeHEAfgAEdwgAAAAAABt3QHNyABFqYXZhLnV0aWwuSGFzaE1hcAUH2sHDFmDRAwACRgAKbG9hZEZhY3RvckkACXRocmVzaG9sZHhwP0AAAAAAAAx3CAAAABAAAAABdAATU0VTU0lPTl9VUERBVEVfRkFMR3NxAH4AA3cIAAABclTn1eB4eHg=', '2020-05-27 01:52:59', NULL, NULL);
INSERT INTO `sessions` VALUES ('a3b2f843-3a19-4697-a9d7-1caa78f61721', 'rO0ABXNyACpvcmcuYXBhY2hlLnNoaXJvLnNlc3Npb24ubWd0LlNpbXBsZVNlc3Npb26dHKG41YxibgMAAHhwdwIAm3QAJGEzYjJmODQzLTNhMTktNDY5Ny1hOWQ3LTFjYWE3OGY2MTcyMXNyAA5qYXZhLnV0aWwuRGF0ZWhqgQFLWXQZAwAAeHB3CAAAAXJVJ9LjeHEAfgAEdwgAAAAAABt3QHNyABFqYXZhLnV0aWwuSGFzaE1hcAUH2sHDFmDRAwACRgAKbG9hZEZhY3RvckkACXRocmVzaG9sZHhwP0AAAAAAAAx3CAAAABAAAAABdAATU0VTU0lPTl9VUERBVEVfRkFMR3NxAH4AA3cIAAABclUn0uN4eHg=', '2020-05-27 03:02:53', NULL, NULL);
INSERT INTO `sessions` VALUES ('a5e3cc9d-9a11-422c-87e7-f9bc800cf647', 'rO0ABXNyACpvcmcuYXBhY2hlLnNoaXJvLnNlc3Npb24ubWd0LlNpbXBsZVNlc3Npb26dHKG41YxibgMAAHhwdwIAm3QAJGE1ZTNjYzlkLTlhMTEtNDIyYy04N2U3LWY5YmM4MDBjZjY0N3NyAA5qYXZhLnV0aWwuRGF0ZWhqgQFLWXQZAwAAeHB3CAAAAXJU4B4ZeHEAfgAEdwgAAAAAABt3QHNyABFqYXZhLnV0aWwuSGFzaE1hcAUH2sHDFmDRAwACRgAKbG9hZEZhY3RvckkACXRocmVzaG9sZHhwP0AAAAAAAAx3CAAAABAAAAABdAATU0VTU0lPTl9VUERBVEVfRkFMR3NxAH4AA3cIAAABclTgHhl4eHg=', '2020-05-27 01:44:33', NULL, NULL);
INSERT INTO `sessions` VALUES ('aa60872e-17d8-414f-b49c-5d03f9423bff', 'rO0ABXNyACpvcmcuYXBhY2hlLnNoaXJvLnNlc3Npb24ubWd0LlNpbXBsZVNlc3Npb26dHKG41YxibgMAAHhwdwIAm3QAJGFhNjA4NzJlLTE3ZDgtNDE0Zi1iNDljLTVkMDNmOTQyM2JmZnNyAA5qYXZhLnV0aWwuRGF0ZWhqgQFLWXQZAwAAeHB3CAAAAXJVIueYeHEAfgAEdwgAAAAAABt3QHNyABFqYXZhLnV0aWwuSGFzaE1hcAUH2sHDFmDRAwACRgAKbG9hZEZhY3RvckkACXRocmVzaG9sZHhwP0AAAAAAAAx3CAAAABAAAAABdAATU0VTU0lPTl9VUERBVEVfRkFMR3NxAH4AA3cIAAABclUi56x4eHg=', '2020-05-27 02:57:30', NULL, NULL);
INSERT INTO `sessions` VALUES ('aa6dd1a0-e42e-4923-ac82-cc6da50f5fff', 'rO0ABXNyACpvcmcuYXBhY2hlLnNoaXJvLnNlc3Npb24ubWd0LlNpbXBsZVNlc3Npb26dHKG41YxibgMAAHhwdwIAm3QAJGFhNmRkMWEwLWU0MmUtNDkyMy1hYzgyLWNjNmRhNTBmNWZmZnNyAA5qYXZhLnV0aWwuRGF0ZWhqgQFLWXQZAwAAeHB3CAAAAXJULfXReHEAfgAEdwgAAAAAABt3QHNyABFqYXZhLnV0aWwuSGFzaE1hcAUH2sHDFmDRAwACRgAKbG9hZEZhY3RvckkACXRocmVzaG9sZHhwP0AAAAAAAAx3CAAAABAAAAABdAATU0VTU0lPTl9VUERBVEVfRkFMR3NyAA5qYXZhLmxhbmcuTG9uZzuL5JDMjyPfAgABSgAFdmFsdWV4cgAQamF2YS5sYW5nLk51bWJlcoaslR0LlOCLAgAAeHAAAAFyVC310Xh4', '2020-05-26 22:29:58', NULL, NULL);
INSERT INTO `sessions` VALUES ('aab2a11a-4fb7-4b91-8e66-c207329fb95a', 'rO0ABXNyACpvcmcuYXBhY2hlLnNoaXJvLnNlc3Npb24ubWd0LlNpbXBsZVNlc3Npb26dHKG41YxibgMAAHhwdwIA23QAJGFhYjJhMTFhLTRmYjctNGI5MS04ZTY2LWMyMDczMjlmYjk1YXNyAA5qYXZhLnV0aWwuRGF0ZWhqgQFLWXQZAwAAeHB3CAAAAXJVyQGSeHEAfgAEdxkAAAAAABt3QAAPMDowOjA6MDowOjA6MDoxc3IAEWphdmEudXRpbC5IYXNoTWFwBQfawcMWYNEDAAJGAApsb2FkRmFjdG9ySQAJdGhyZXNob2xkeHA/QAAAAAAADHcIAAAAEAAAAAF0ABNTRVNTSU9OX1VQREFURV9GQUxHc3EAfgADdwgAAAFyVckBknh4eA==', '2020-05-27 05:58:56', NULL, NULL);
INSERT INTO `sessions` VALUES ('aafb44d4-860a-4d05-9f43-e209dd0befe2', 'rO0ABXNyACpvcmcuYXBhY2hlLnNoaXJvLnNlc3Npb24ubWd0LlNpbXBsZVNlc3Npb26dHKG41YxibgMAAHhwdwIAm3QAJGFhZmI0NGQ0LTg2MGEtNGQwNS05ZjQzLWUyMDlkZDBiZWZlMnNyAA5qYXZhLnV0aWwuRGF0ZWhqgQFLWXQZAwAAeHB3CAAAAXJZfBVJeHEAfgAEdwgAAAAAABt3QHNyABFqYXZhLnV0aWwuSGFzaE1hcAUH2sHDFmDRAwACRgAKbG9hZEZhY3RvckkACXRocmVzaG9sZHhwP0AAAAAAAAx3CAAAABAAAAABdAATU0VTU0lPTl9VUERBVEVfRkFMR3NxAH4AA3cIAAABcll8FUp4eHg=', '2020-05-27 23:13:24', NULL, NULL);
INSERT INTO `sessions` VALUES ('abf65d61-ca6a-4833-9535-bcce98926b8d', 'rO0ABXNyACpvcmcuYXBhY2hlLnNoaXJvLnNlc3Npb24ubWd0LlNpbXBsZVNlc3Npb26dHKG41YxibgMAAHhwdwIAm3QAJGFiZjY1ZDYxLWNhNmEtNDgzMy05NTM1LWJjY2U5ODkyNmI4ZHNyAA5qYXZhLnV0aWwuRGF0ZWhqgQFLWXQZAwAAeHB3CAAAAXJUZtSyeHEAfgAEdwgAAAAAABt3QHNyABFqYXZhLnV0aWwuSGFzaE1hcAUH2sHDFmDRAwACRgAKbG9hZEZhY3RvckkACXRocmVzaG9sZHhwP0AAAAAAAAx3CAAAABAAAAABdAATU0VTU0lPTl9VUERBVEVfRkFMR3NxAH4AA3cIAAABclRm1LN4eHg=', '2020-05-26 23:32:05', NULL, NULL);
INSERT INTO `sessions` VALUES ('ac96bc9d-5148-4ffe-83ad-dbe9ff596c86', 'rO0ABXNyACpvcmcuYXBhY2hlLnNoaXJvLnNlc3Npb24ubWd0LlNpbXBsZVNlc3Npb26dHKG41YxibgMAAHhwdwIAm3QAJGFjOTZiYzlkLTUxNDgtNGZmZS04M2FkLWRiZTlmZjU5NmM4NnNyAA5qYXZhLnV0aWwuRGF0ZWhqgQFLWXQZAwAAeHB3CAAAAXJZmceMeHEAfgAEdwgAAAAAABt3QHNyABFqYXZhLnV0aWwuSGFzaE1hcAUH2sHDFmDRAwACRgAKbG9hZEZhY3RvckkACXRocmVzaG9sZHhwP0AAAAAAAAx3CAAAABAAAAABdAATU0VTU0lPTl9VUERBVEVfRkFMR3NxAH4AA3cIAAABclmZx4x4eHg=', '2020-05-27 23:45:50', NULL, NULL);
INSERT INTO `sessions` VALUES ('aca1dd9a-be56-40a1-b45d-385d0bc49db7', 'rO0ABXNyACpvcmcuYXBhY2hlLnNoaXJvLnNlc3Npb24ubWd0LlNpbXBsZVNlc3Npb26dHKG41YxibgMAAHhwdwIA23QAJGFjYTFkZDlhLWJlNTYtNDBhMS1iNDVkLTM4NWQwYmM0OWRiN3NyAA5qYXZhLnV0aWwuRGF0ZWhqgQFLWXQZAwAAeHB3CAAAAXJWt31qeHEAfgAEdxkAAAAAABt3QAAPMDowOjA6MDowOjA6MDoxc3IAEWphdmEudXRpbC5IYXNoTWFwBQfawcMWYNEDAAJGAApsb2FkRmFjdG9ySQAJdGhyZXNob2xkeHA/QAAAAAAADHcIAAAAEAAAAAF0ABNTRVNTSU9OX1VQREFURV9GQUxHc3EAfgADdwgAAAFyVrd9anh4eA==', '2020-05-27 10:19:25', NULL, NULL);
INSERT INTO `sessions` VALUES ('acc2e664-91b7-4fdd-803a-e1a0329a5b2d', 'rO0ABXNyACpvcmcuYXBhY2hlLnNoaXJvLnNlc3Npb24ubWd0LlNpbXBsZVNlc3Npb26dHKG41YxibgMAAHhwdwIAm3QAJGFjYzJlNjY0LTkxYjctNGZkZC04MDNhLWUxYTAzMjlhNWIyZHNyAA5qYXZhLnV0aWwuRGF0ZWhqgQFLWXQZAwAAeHB3CAAAAXJVJ9KseHEAfgAEdwgAAAAAABt3QHNyABFqYXZhLnV0aWwuSGFzaE1hcAUH2sHDFmDRAwACRgAKbG9hZEZhY3RvckkACXRocmVzaG9sZHhwP0AAAAAAAAx3CAAAABAAAAABdAATU0VTU0lPTl9VUERBVEVfRkFMR3NxAH4AA3cIAAABclUn0qx4eHg=', '2020-05-27 03:02:53', NULL, NULL);
INSERT INTO `sessions` VALUES ('addf8323-4878-410d-b3ab-f3df5d944046', 'rO0ABXNyACpvcmcuYXBhY2hlLnNoaXJvLnNlc3Npb24ubWd0LlNpbXBsZVNlc3Npb26dHKG41YxibgMAAHhwdwIAm3QAJGFkZGY4MzIzLTQ4NzgtNDEwZC1iM2FiLWYzZGY1ZDk0NDA0NnNyAA5qYXZhLnV0aWwuRGF0ZWhqgQFLWXQZAwAAeHB3CAAAAXJVIdSseHEAfgAEdwgAAAAAABt3QHNyABFqYXZhLnV0aWwuSGFzaE1hcAUH2sHDFmDRAwACRgAKbG9hZEZhY3RvckkACXRocmVzaG9sZHhwP0AAAAAAAAx3CAAAABAAAAABdAATU0VTU0lPTl9VUERBVEVfRkFMR3NxAH4AA3cIAAABclUh1Kx4eHg=', '2020-05-27 02:56:20', NULL, NULL);
INSERT INTO `sessions` VALUES ('af3e8b61-798b-4a52-bdd1-6f0b24c88f54', 'rO0ABXNyACpvcmcuYXBhY2hlLnNoaXJvLnNlc3Npb24ubWd0LlNpbXBsZVNlc3Npb26dHKG41YxibgMAAHhwdwIA23QAJGFmM2U4YjYxLTc5OGItNGE1Mi1iZGQxLTZmMGIyNGM4OGY1NHNyAA5qYXZhLnV0aWwuRGF0ZWhqgQFLWXQZAwAAeHB3CAAAAXJW1r0HeHEAfgAEdxkAAAAAABt3QAAPMDowOjA6MDowOjA6MDoxc3IAEWphdmEudXRpbC5IYXNoTWFwBQfawcMWYNEDAAJGAApsb2FkRmFjdG9ySQAJdGhyZXNob2xkeHA/QAAAAAAADHcIAAAAEAAAAAF0ABNTRVNTSU9OX1VQREFURV9GQUxHc3EAfgADdwgAAAFyVta9B3h4eA==', '2020-05-27 10:53:33', NULL, NULL);
INSERT INTO `sessions` VALUES ('af4fa5a1-f259-40c8-b70b-c72d5fde6c56', 'rO0ABXNyACpvcmcuYXBhY2hlLnNoaXJvLnNlc3Npb24ubWd0LlNpbXBsZVNlc3Npb26dHKG41YxibgMAAHhwdwIA23QAJGFmNGZhNWExLWYyNTktNDBjOC1iNzBiLWM3MmQ1ZmRlNmM1NnNyAA5qYXZhLnV0aWwuRGF0ZWhqgQFLWXQZAwAAeHB3CAAAAXJZbaareHEAfgAEdxkAAAAAABt3QAAPMDowOjA6MDowOjA6MDoxc3IAEWphdmEudXRpbC5IYXNoTWFwBQfawcMWYNEDAAJGAApsb2FkRmFjdG9ySQAJdGhyZXNob2xkeHA/QAAAAAAADHcIAAAAEAAAAAF0ABNTRVNTSU9OX1VQREFURV9GQUxHc3EAfgADdwgAAAFyWW2mq3h4eA==', '2020-05-27 22:57:38', NULL, NULL);
INSERT INTO `sessions` VALUES ('b291ad33-18ff-4040-bfc8-a5a21fb54feb', 'rO0ABXNyACpvcmcuYXBhY2hlLnNoaXJvLnNlc3Npb24ubWd0LlNpbXBsZVNlc3Npb26dHKG41YxibgMAAHhwdwIAm3QAJGIyOTFhZDMzLTE4ZmYtNDA0MC1iZmM4LWE1YTIxZmI1NGZlYnNyAA5qYXZhLnV0aWwuRGF0ZWhqgQFLWXQZAwAAeHB3CAAAAXJUP4h7eHEAfgAEdwgAAAAAABt3QHNyABFqYXZhLnV0aWwuSGFzaE1hcAUH2sHDFmDRAwACRgAKbG9hZEZhY3RvckkACXRocmVzaG9sZHhwP0AAAAAAAAx3CAAAABAAAAABdAATU0VTU0lPTl9VUERBVEVfRkFMR3NyAA5qYXZhLmxhbmcuTG9uZzuL5JDMjyPfAgABSgAFdmFsdWV4cgAQamF2YS5sYW5nLk51bWJlcoaslR0LlOCLAgAAeHAAAAFyVD+Ie3h4', '2020-05-26 22:49:09', NULL, NULL);
INSERT INTO `sessions` VALUES ('b320c9db-afe2-4fbd-99c2-c20bc67c5992', 'rO0ABXNyACpvcmcuYXBhY2hlLnNoaXJvLnNlc3Npb24ubWd0LlNpbXBsZVNlc3Npb26dHKG41YxibgMAAHhwdwIAm3QAJGIzMjBjOWRiLWFmZTItNGZiZC05OWMyLWMyMGJjNjdjNTk5MnNyAA5qYXZhLnV0aWwuRGF0ZWhqgQFLWXQZAwAAeHB3CAAAAXJUR5b9eHEAfgAEdwgAAAAAABt3QHNyABFqYXZhLnV0aWwuSGFzaE1hcAUH2sHDFmDRAwACRgAKbG9hZEZhY3RvckkACXRocmVzaG9sZHhwP0AAAAAAAAx3CAAAABAAAAABdAATU0VTU0lPTl9VUERBVEVfRkFMR3NxAH4AA3cIAAABclRHlv14eHg=', '2020-05-26 22:57:57', NULL, NULL);
INSERT INTO `sessions` VALUES ('b4d41f88-f2e3-4bed-b2ea-dc2d772b1dfb', 'rO0ABXNyACpvcmcuYXBhY2hlLnNoaXJvLnNlc3Npb24ubWd0LlNpbXBsZVNlc3Npb26dHKG41YxibgMAAHhwdwIA23QAJGI0ZDQxZjg4LWYyZTMtNGJlZC1iMmVhLWRjMmQ3NzJiMWRmYnNyAA5qYXZhLnV0aWwuRGF0ZWhqgQFLWXQZAwAAeHB3CAAAAXJZnTgFeHEAfgAEdxkAAAAAABt3QAAPMDowOjA6MDowOjA6MDoxc3IAEWphdmEudXRpbC5IYXNoTWFwBQfawcMWYNEDAAJGAApsb2FkRmFjdG9ySQAJdGhyZXNob2xkeHA/QAAAAAAADHcIAAAAEAAAAAF0ABNTRVNTSU9OX1VQREFURV9GQUxHc3EAfgADdwgAAAFyWZ04BXh4eA==', '2020-05-27 23:49:35', NULL, NULL);
INSERT INTO `sessions` VALUES ('b4fc4422-b248-447c-9710-3ff14a4e94cc', 'rO0ABXNyACpvcmcuYXBhY2hlLnNoaXJvLnNlc3Npb24ubWd0LlNpbXBsZVNlc3Npb26dHKG41YxibgMAAHhwdwIAm3QAJGI0ZmM0NDIyLWIyNDgtNDQ3Yy05NzEwLTNmZjE0YTRlOTRjY3NyAA5qYXZhLnV0aWwuRGF0ZWhqgQFLWXQZAwAAeHB3CAAAAXJZ8aV4eHEAfgAEdwgAAAAAABt3QHNyABFqYXZhLnV0aWwuSGFzaE1hcAUH2sHDFmDRAwACRgAKbG9hZEZhY3RvckkACXRocmVzaG9sZHhwP0AAAAAAAAx3CAAAABAAAAABdAATU0VTU0lPTl9VUERBVEVfRkFMR3NxAH4AA3cIAAABclnxpXh4eHg=', '2020-05-28 01:21:48', NULL, NULL);
INSERT INTO `sessions` VALUES ('ba189bf6-c6bd-424b-8c6e-5230ba3de7cc', 'rO0ABXNyACpvcmcuYXBhY2hlLnNoaXJvLnNlc3Npb24ubWd0LlNpbXBsZVNlc3Npb26dHKG41YxibgMAAHhwdwIAm3QAJGJhMTg5YmY2LWM2YmQtNDI0Yi04YzZlLTUyMzBiYTNkZTdjY3NyAA5qYXZhLnV0aWwuRGF0ZWhqgQFLWXQZAwAAeHB3CAAAAXJVJ9LQeHEAfgAEdwgAAAAAABt3QHNyABFqYXZhLnV0aWwuSGFzaE1hcAUH2sHDFmDRAwACRgAKbG9hZEZhY3RvckkACXRocmVzaG9sZHhwP0AAAAAAAAx3CAAAABAAAAABdAATU0VTU0lPTl9VUERBVEVfRkFMR3NxAH4AA3cIAAABclUn0tF4eHg=', '2020-05-27 03:02:53', NULL, NULL);
INSERT INTO `sessions` VALUES ('ba4bee18-6942-41f2-9b9c-9138e56f1d85', 'rO0ABXNyACpvcmcuYXBhY2hlLnNoaXJvLnNlc3Npb24ubWd0LlNpbXBsZVNlc3Npb26dHKG41YxibgMAAHhwdwIAm3QAJGJhNGJlZTE4LTY5NDItNDFmMi05YjljLTkxMzhlNTZmMWQ4NXNyAA5qYXZhLnV0aWwuRGF0ZWhqgQFLWXQZAwAAeHB3CAAAAXJVJ9KseHEAfgAEdwgAAAAAABt3QHNyABFqYXZhLnV0aWwuSGFzaE1hcAUH2sHDFmDRAwACRgAKbG9hZEZhY3RvckkACXRocmVzaG9sZHhwP0AAAAAAAAx3CAAAABAAAAABdAATU0VTU0lPTl9VUERBVEVfRkFMR3NxAH4AA3cIAAABclUn0q54eHg=', '2020-05-27 03:02:53', NULL, NULL);
INSERT INTO `sessions` VALUES ('bacc85b6-4b27-4510-80d0-c925f0719d0c', 'rO0ABXNyACpvcmcuYXBhY2hlLnNoaXJvLnNlc3Npb24ubWd0LlNpbXBsZVNlc3Npb26dHKG41YxibgMAAHhwdwIAm3QAJGJhY2M4NWI2LTRiMjctNDUxMC04MGQwLWM5MjVmMDcxOWQwY3NyAA5qYXZhLnV0aWwuRGF0ZWhqgQFLWXQZAwAAeHB3CAAAAXJefhWceHEAfgAEdwgAAAAAABt3QHNyABFqYXZhLnV0aWwuSGFzaE1hcAUH2sHDFmDRAwACRgAKbG9hZEZhY3RvckkACXRocmVzaG9sZHhwP0AAAAAAAAx3CAAAABAAAAABdAATU0VTU0lPTl9VUERBVEVfRkFMR3NxAH4AA3cIAAABcl5+FZ14eHg=', '2020-05-29 03:33:41', NULL, NULL);
INSERT INTO `sessions` VALUES ('bb6984b4-a273-4297-b209-b95335c4d536', 'rO0ABXNyACpvcmcuYXBhY2hlLnNoaXJvLnNlc3Npb24ubWd0LlNpbXBsZVNlc3Npb26dHKG41YxibgMAAHhwdwIA23QAJGJiNjk4NGI0LWEyNzMtNDI5Ny1iMjA5LWI5NTMzNWM0ZDUzNnNyAA5qYXZhLnV0aWwuRGF0ZWhqgQFLWXQZAwAAeHB3CAAAAXJXD06QeHEAfgAEdxkAAAAAABt3QAAPMDowOjA6MDowOjA6MDoxc3IAEWphdmEudXRpbC5IYXNoTWFwBQfawcMWYNEDAAJGAApsb2FkRmFjdG9ySQAJdGhyZXNob2xkeHA/QAAAAAAADHcIAAAAEAAAAAF0ABNTRVNTSU9OX1VQREFURV9GQUxHc3EAfgADdwgAAAFyVw9OkXh4eA==', '2020-05-27 11:55:20', NULL, NULL);
INSERT INTO `sessions` VALUES ('bc6311ef-eacb-44ad-bb28-921f6aca8008', 'rO0ABXNyACpvcmcuYXBhY2hlLnNoaXJvLnNlc3Npb24ubWd0LlNpbXBsZVNlc3Npb26dHKG41YxibgMAAHhwdwIA23QAJGJjNjMxMWVmLWVhY2ItNDRhZC1iYjI4LTkyMWY2YWNhODAwOHNyAA5qYXZhLnV0aWwuRGF0ZWhqgQFLWXQZAwAAeHB3CAAAAXJahBHSeHEAfgAEdxkAAAAAABt3QAAPMDowOjA6MDowOjA6MDoxc3IAEWphdmEudXRpbC5IYXNoTWFwBQfawcMWYNEDAAJGAApsb2FkRmFjdG9ySQAJdGhyZXNob2xkeHA/QAAAAAAADHcIAAAAEAAAAAF0ABNTRVNTSU9OX1VQREFURV9GQUxHc3EAfgADdwgAAAFyWoQR0nh4eA==', '2020-05-28 04:01:44', NULL, NULL);
INSERT INTO `sessions` VALUES ('bce8cd46-6562-4af6-981d-239586db5a74', 'rO0ABXNyACpvcmcuYXBhY2hlLnNoaXJvLnNlc3Npb24ubWd0LlNpbXBsZVNlc3Npb26dHKG41YxibgMAAHhwdwIAm3QAJGJjZThjZDQ2LTY1NjItNGFmNi05ODFkLTIzOTU4NmRiNWE3NHNyAA5qYXZhLnV0aWwuRGF0ZWhqgQFLWXQZAwAAeHB3CAAAAXJVIdSveHEAfgAEdwgAAAAAABt3QHNyABFqYXZhLnV0aWwuSGFzaE1hcAUH2sHDFmDRAwACRgAKbG9hZEZhY3RvckkACXRocmVzaG9sZHhwP0AAAAAAAAx3CAAAABAAAAABdAATU0VTU0lPTl9VUERBVEVfRkFMR3NxAH4AA3cIAAABclUh1K94eHg=', '2020-05-27 02:56:20', NULL, NULL);
INSERT INTO `sessions` VALUES ('bdd2b719-d8fc-48ba-89b8-e607a1718b18', 'rO0ABXNyACpvcmcuYXBhY2hlLnNoaXJvLnNlc3Npb24ubWd0LlNpbXBsZVNlc3Npb26dHKG41YxibgMAAHhwdwIAm3QAJGJkZDJiNzE5LWQ4ZmMtNDhiYS04OWI4LWU2MDdhMTcxOGIxOHNyAA5qYXZhLnV0aWwuRGF0ZWhqgQFLWXQZAwAAeHB3CAAAAXJVKc8YeHEAfgAEdwgAAAAAABt3QHNyABFqYXZhLnV0aWwuSGFzaE1hcAUH2sHDFmDRAwACRgAKbG9hZEZhY3RvckkACXRocmVzaG9sZHhwP0AAAAAAAAx3CAAAABAAAAABdAATU0VTU0lPTl9VUERBVEVfRkFMR3NxAH4AA3cIAAABclUpzxh4eHg=', '2020-05-27 03:05:03', NULL, NULL);
INSERT INTO `sessions` VALUES ('be360a74-07cc-4bc2-a531-ab4cb757c4de', 'rO0ABXNyACpvcmcuYXBhY2hlLnNoaXJvLnNlc3Npb24ubWd0LlNpbXBsZVNlc3Npb26dHKG41YxibgMAAHhwdwIA23QAJGJlMzYwYTc0LTA3Y2MtNGJjMi1hNTMxLWFiNGNiNzU3YzRkZXNyAA5qYXZhLnV0aWwuRGF0ZWhqgQFLWXQZAwAAeHB3CAAAAXJZys9veHEAfgAEdxkAAAAAABt3QAAPMDowOjA6MDowOjA6MDoxc3IAEWphdmEudXRpbC5IYXNoTWFwBQfawcMWYNEDAAJGAApsb2FkRmFjdG9ySQAJdGhyZXNob2xkeHA/QAAAAAAADHcIAAAAEAAAAAF0ABNTRVNTSU9OX1VQREFURV9GQUxHc3EAfgADdwgAAAFyWcrPcHh4eA==', '2020-05-28 00:39:23', NULL, NULL);
INSERT INTO `sessions` VALUES ('c037e500-f2f4-41dc-bb82-3c0135cc3808', 'rO0ABXNyACpvcmcuYXBhY2hlLnNoaXJvLnNlc3Npb24ubWd0LlNpbXBsZVNlc3Npb26dHKG41YxibgMAAHhwdwIAm3QAJGMwMzdlNTAwLWYyZjQtNDFkYy1iYjgyLTNjMDEzNWNjMzgwOHNyAA5qYXZhLnV0aWwuRGF0ZWhqgQFLWXQZAwAAeHB3CAAAAXJURAYweHEAfgAEdwgAAAAAABt3QHNyABFqYXZhLnV0aWwuSGFzaE1hcAUH2sHDFmDRAwACRgAKbG9hZEZhY3RvckkACXRocmVzaG9sZHhwP0AAAAAAAAx3CAAAABAAAAABdAATU0VTU0lPTl9VUERBVEVfRkFMR3NxAH4AA3cIAAABclREBjB4eHg=', '2020-05-26 22:54:04', NULL, NULL);
INSERT INTO `sessions` VALUES ('c145d526-2dce-47d4-8da5-65a2735d991d', 'rO0ABXNyACpvcmcuYXBhY2hlLnNoaXJvLnNlc3Npb24ubWd0LlNpbXBsZVNlc3Npb26dHKG41YxibgMAAHhwdwIAm3QAJGMxNDVkNTI2LTJkY2UtNDdkNC04ZGE1LTY1YTI3MzVkOTkxZHNyAA5qYXZhLnV0aWwuRGF0ZWhqgQFLWXQZAwAAeHB3CAAAAXJegYwPeHEAfgAEdwgAAAAAABt3QHNyABFqYXZhLnV0aWwuSGFzaE1hcAUH2sHDFmDRAwACRgAKbG9hZEZhY3RvckkACXRocmVzaG9sZHhwP0AAAAAAAAx3CAAAABAAAAABdAATU0VTU0lPTl9VUERBVEVfRkFMR3NxAH4AA3cIAAABcl6BjBB4eHg=', '2020-05-29 03:37:28', NULL, NULL);
INSERT INTO `sessions` VALUES ('c2292e59-319b-4052-877d-7665275d4bd4', 'rO0ABXNyACpvcmcuYXBhY2hlLnNoaXJvLnNlc3Npb24ubWd0LlNpbXBsZVNlc3Npb26dHKG41YxibgMAAHhwdwIAm3QAJGMyMjkyZTU5LTMxOWItNDA1Mi04NzdkLTc2NjUyNzVkNGJkNHNyAA5qYXZhLnV0aWwuRGF0ZWhqgQFLWXQZAwAAeHB3CAAAAXJUQ76reHEAfgAEdwgAAAAAABt3QHNyABFqYXZhLnV0aWwuSGFzaE1hcAUH2sHDFmDRAwACRgAKbG9hZEZhY3RvckkACXRocmVzaG9sZHhwP0AAAAAAAAx3CAAAABAAAAABdAATU0VTU0lPTl9VUERBVEVfRkFMR3NxAH4AA3cIAAABclRDvqt4eHg=', '2020-05-26 22:53:45', NULL, NULL);
INSERT INTO `sessions` VALUES ('c2f4fe05-0659-4093-a6b1-993893642e4e', 'rO0ABXNyACpvcmcuYXBhY2hlLnNoaXJvLnNlc3Npb24ubWd0LlNpbXBsZVNlc3Npb26dHKG41YxibgMAAHhwdwIAm3QAJGMyZjRmZTA1LTA2NTktNDA5My1hNmIxLTk5Mzg5MzY0MmU0ZXNyAA5qYXZhLnV0aWwuRGF0ZWhqgQFLWXQZAwAAeHB3CAAAAXJVJ9KseHEAfgAEdwgAAAAAABt3QHNyABFqYXZhLnV0aWwuSGFzaE1hcAUH2sHDFmDRAwACRgAKbG9hZEZhY3RvckkACXRocmVzaG9sZHhwP0AAAAAAAAx3CAAAABAAAAABdAATU0VTU0lPTl9VUERBVEVfRkFMR3NxAH4AA3cIAAABclUn0qx4eHg=', '2020-05-27 03:02:53', NULL, NULL);
INSERT INTO `sessions` VALUES ('c33bc27e-b107-466b-8141-d8115b88f2ae', 'rO0ABXNyACpvcmcuYXBhY2hlLnNoaXJvLnNlc3Npb24ubWd0LlNpbXBsZVNlc3Npb26dHKG41YxibgMAAHhwdwIAm3QAJGMzM2JjMjdlLWIxMDctNDY2Yi04MTQxLWQ4MTE1Yjg4ZjJhZXNyAA5qYXZhLnV0aWwuRGF0ZWhqgQFLWXQZAwAAeHB3CAAAAXJVIdSzeHEAfgAEdwgAAAAAABt3QHNyABFqYXZhLnV0aWwuSGFzaE1hcAUH2sHDFmDRAwACRgAKbG9hZEZhY3RvckkACXRocmVzaG9sZHhwP0AAAAAAAAx3CAAAABAAAAABdAATU0VTU0lPTl9VUERBVEVfRkFMR3NxAH4AA3cIAAABclUh1Ll4eHg=', '2020-05-27 02:56:20', NULL, NULL);
INSERT INTO `sessions` VALUES ('c6cbd675-8975-4589-ac4f-fd807aaaed52', 'rO0ABXNyACpvcmcuYXBhY2hlLnNoaXJvLnNlc3Npb24ubWd0LlNpbXBsZVNlc3Npb26dHKG41YxibgMAAHhwdwIA23QAJGM2Y2JkNjc1LTg5NzUtNDU4OS1hYzRmLWZkODA3YWFhZWQ1MnNyAA5qYXZhLnV0aWwuRGF0ZWhqgQFLWXQZAwAAeHB3CAAAAXJZfqgJeHEAfgAEdxkAAAAAABt3QAAPMDowOjA6MDowOjA6MDoxc3IAEWphdmEudXRpbC5IYXNoTWFwBQfawcMWYNEDAAJGAApsb2FkRmFjdG9ySQAJdGhyZXNob2xkeHA/QAAAAAAADHcIAAAAEAAAAAF0ABNTRVNTSU9OX1VQREFURV9GQUxHc3EAfgADdwgAAAFyWX6oCnh4eA==', '2020-05-27 23:16:12', NULL, NULL);
INSERT INTO `sessions` VALUES ('c70a01ca-075d-49c1-a6ac-0f53e32f990c', 'rO0ABXNyACpvcmcuYXBhY2hlLnNoaXJvLnNlc3Npb24ubWd0LlNpbXBsZVNlc3Npb26dHKG41YxibgMAAHhwdwIAm3QAJGM3MGEwMWNhLTA3NWQtNDljMS1hNmFjLTBmNTNlMzJmOTkwY3NyAA5qYXZhLnV0aWwuRGF0ZWhqgQFLWXQZAwAAeHB3CAAAAXJVJ9LXeHEAfgAEdwgAAAAAABt3QHNyABFqYXZhLnV0aWwuSGFzaE1hcAUH2sHDFmDRAwACRgAKbG9hZEZhY3RvckkACXRocmVzaG9sZHhwP0AAAAAAAAx3CAAAABAAAAABdAATU0VTU0lPTl9VUERBVEVfRkFMR3NxAH4AA3cIAAABclUn0td4eHg=', '2020-05-27 03:02:53', NULL, NULL);
INSERT INTO `sessions` VALUES ('c76ebb13-e71a-4a0d-b6b5-ea913b04702f', 'rO0ABXNyACpvcmcuYXBhY2hlLnNoaXJvLnNlc3Npb24ubWd0LlNpbXBsZVNlc3Npb26dHKG41YxibgMAAHhwdwIAm3QAJGM3NmViYjEzLWU3MWEtNGEwZC1iNmI1LWVhOTEzYjA0NzAyZnNyAA5qYXZhLnV0aWwuRGF0ZWhqgQFLWXQZAwAAeHB3CAAAAXJULgyAeHEAfgAEdwgAAAAAABt3QHNyABFqYXZhLnV0aWwuSGFzaE1hcAUH2sHDFmDRAwACRgAKbG9hZEZhY3RvckkACXRocmVzaG9sZHhwP0AAAAAAAAx3CAAAABAAAAABdAATU0VTU0lPTl9VUERBVEVfRkFMR3NyAA5qYXZhLmxhbmcuTG9uZzuL5JDMjyPfAgABSgAFdmFsdWV4cgAQamF2YS5sYW5nLk51bWJlcoaslR0LlOCLAgAAeHAAAAFyVC4MgHh4', '2020-05-26 22:30:04', NULL, NULL);
INSERT INTO `sessions` VALUES ('c81f61c5-8113-488b-8b3b-264c04ef213a', 'rO0ABXNyACpvcmcuYXBhY2hlLnNoaXJvLnNlc3Npb24ubWd0LlNpbXBsZVNlc3Npb26dHKG41YxibgMAAHhwdwIAm3QAJGM4MWY2MWM1LTgxMTMtNDg4Yi04YjNiLTI2NGMwNGVmMjEzYXNyAA5qYXZhLnV0aWwuRGF0ZWhqgQFLWXQZAwAAeHB3CAAAAXJULcimeHEAfgAEdwgAAAAAABt3QHNyABFqYXZhLnV0aWwuSGFzaE1hcAUH2sHDFmDRAwACRgAKbG9hZEZhY3RvckkACXRocmVzaG9sZHhwP0AAAAAAAAx3CAAAABAAAAABdAATU0VTU0lPTl9VUERBVEVfRkFMR3NyAA5qYXZhLmxhbmcuTG9uZzuL5JDMjyPfAgABSgAFdmFsdWV4cgAQamF2YS5sYW5nLk51bWJlcoaslR0LlOCLAgAAeHAAAAFyVC3Ipnh4', '2020-05-26 22:29:46', NULL, NULL);
INSERT INTO `sessions` VALUES ('c8ae0cff-8ffe-42f5-b01e-03499801731b', 'rO0ABXNyACpvcmcuYXBhY2hlLnNoaXJvLnNlc3Npb24ubWd0LlNpbXBsZVNlc3Npb26dHKG41YxibgMAAHhwdwIAm3QAJGM4YWUwY2ZmLThmZmUtNDJmNS1iMDFlLTAzNDk5ODAxNzMxYnNyAA5qYXZhLnV0aWwuRGF0ZWhqgQFLWXQZAwAAeHB3CAAAAXJU2/qyeHEAfgAEdwgAAAAAABt3QHNyABFqYXZhLnV0aWwuSGFzaE1hcAUH2sHDFmDRAwACRgAKbG9hZEZhY3RvckkACXRocmVzaG9sZHhwP0AAAAAAAAx3CAAAABAAAAABdAATU0VTU0lPTl9VUERBVEVfRkFMR3NxAH4AA3cIAAABclTb+rJ4eHg=', '2020-05-27 01:40:02', NULL, NULL);
INSERT INTO `sessions` VALUES ('ca339c5d-6546-4362-b290-41821c65c21c', 'rO0ABXNyACpvcmcuYXBhY2hlLnNoaXJvLnNlc3Npb24ubWd0LlNpbXBsZVNlc3Npb26dHKG41YxibgMAAHhwdwIAm3QAJGNhMzM5YzVkLTY1NDYtNDM2Mi1iMjkwLTQxODIxYzY1YzIxY3NyAA5qYXZhLnV0aWwuRGF0ZWhqgQFLWXQZAwAAeHB3CAAAAXJZi+RueHEAfgAEdwgAAAAAABt3QHNyABFqYXZhLnV0aWwuSGFzaE1hcAUH2sHDFmDRAwACRgAKbG9hZEZhY3RvckkACXRocmVzaG9sZHhwP0AAAAAAAAx3CAAAABAAAAABdAATU0VTU0lPTl9VUERBVEVfRkFMR3NxAH4AA3cIAAABclmL5G94eHg=', '2020-05-27 23:30:40', NULL, NULL);
INSERT INTO `sessions` VALUES ('cb2d6a3f-505f-469f-9cdf-5795f1ba443c', 'rO0ABXNyACpvcmcuYXBhY2hlLnNoaXJvLnNlc3Npb24ubWd0LlNpbXBsZVNlc3Npb26dHKG41YxibgMAAHhwdwIA23QAJGNiMmQ2YTNmLTUwNWYtNDY5Zi05Y2RmLTU3OTVmMWJhNDQzY3NyAA5qYXZhLnV0aWwuRGF0ZWhqgQFLWXQZAwAAeHB3CAAAAXJgHIXWeHEAfgAEdxkAAAAAABt3QAAPMDowOjA6MDowOjA6MDoxc3IAEWphdmEudXRpbC5IYXNoTWFwBQfawcMWYNEDAAJGAApsb2FkRmFjdG9ySQAJdGhyZXNob2xkeHA/QAAAAAAADHcIAAAAEAAAAAF0ABNTRVNTSU9OX1VQREFURV9GQUxHc3EAfgADdwgAAAFyYByF13h4eA==', '2020-05-29 11:06:22', NULL, NULL);
INSERT INTO `sessions` VALUES ('cc8147bf-e4a8-40b5-ad4b-d40364e20d8f', 'rO0ABXNyACpvcmcuYXBhY2hlLnNoaXJvLnNlc3Npb24ubWd0LlNpbXBsZVNlc3Npb26dHKG41YxibgMAAHhwdwIAm3QAJGNjODE0N2JmLWU0YTgtNDBiNS1hZDRiLWQ0MDM2NGUyMGQ4ZnNyAA5qYXZhLnV0aWwuRGF0ZWhqgQFLWXQZAwAAeHB3CAAAAXJVJ9KseHEAfgAEdwgAAAAAABt3QHNyABFqYXZhLnV0aWwuSGFzaE1hcAUH2sHDFmDRAwACRgAKbG9hZEZhY3RvckkACXRocmVzaG9sZHhwP0AAAAAAAAx3CAAAABAAAAABdAATU0VTU0lPTl9VUERBVEVfRkFMR3NxAH4AA3cIAAABclUn0qx4eHg=', '2020-05-27 03:02:53', NULL, NULL);
INSERT INTO `sessions` VALUES ('cd4c218e-2c65-4335-84ea-2726ca4765b2', 'rO0ABXNyACpvcmcuYXBhY2hlLnNoaXJvLnNlc3Npb24ubWd0LlNpbXBsZVNlc3Npb26dHKG41YxibgMAAHhwdwIAm3QAJGNkNGMyMThlLTJjNjUtNDMzNS04NGVhLTI3MjZjYTQ3NjViMnNyAA5qYXZhLnV0aWwuRGF0ZWhqgQFLWXQZAwAAeHB3CAAAAXJVIdSDeHEAfgAEdwgAAAAAABt3QHNyABFqYXZhLnV0aWwuSGFzaE1hcAUH2sHDFmDRAwACRgAKbG9hZEZhY3RvckkACXRocmVzaG9sZHhwP0AAAAAAAAx3CAAAABAAAAABdAATU0VTU0lPTl9VUERBVEVfRkFMR3NxAH4AA3cIAAABclUh1IN4eHg=', '2020-05-27 02:56:20', NULL, NULL);
INSERT INTO `sessions` VALUES ('ceeed0b0-8ddd-4675-b47a-ed58965541c1', 'rO0ABXNyACpvcmcuYXBhY2hlLnNoaXJvLnNlc3Npb24ubWd0LlNpbXBsZVNlc3Npb26dHKG41YxibgMAAHhwdwIA23QAJGNlZWVkMGIwLThkZGQtNDY3NS1iNDdhLWVkNTg5NjU1NDFjMXNyAA5qYXZhLnV0aWwuRGF0ZWhqgQFLWXQZAwAAeHB3CAAAAXJV5b63eHEAfgAEdxkAAAAAABt3QAAPMDowOjA6MDowOjA6MDoxc3IAEWphdmEudXRpbC5IYXNoTWFwBQfawcMWYNEDAAJGAApsb2FkRmFjdG9ySQAJdGhyZXNob2xkeHA/QAAAAAAADHcIAAAAEAAAAAF0ABNTRVNTSU9OX1VQREFURV9GQUxHc3EAfgADdwgAAAFyVeW+t3h4eA==', '2020-05-27 06:30:19', NULL, NULL);
INSERT INTO `sessions` VALUES ('d0865f2b-8215-4e56-9265-af1024dbaab6', 'rO0ABXNyACpvcmcuYXBhY2hlLnNoaXJvLnNlc3Npb24ubWd0LlNpbXBsZVNlc3Npb26dHKG41YxibgMAAHhwdwIAm3QAJGQwODY1ZjJiLTgyMTUtNGU1Ni05MjY1LWFmMTAyNGRiYWFiNnNyAA5qYXZhLnV0aWwuRGF0ZWhqgQFLWXQZAwAAeHB3CAAAAXJVIueWeHEAfgAEdwgAAAAAABt3QHNyABFqYXZhLnV0aWwuSGFzaE1hcAUH2sHDFmDRAwACRgAKbG9hZEZhY3RvckkACXRocmVzaG9sZHhwP0AAAAAAAAx3CAAAABAAAAABdAATU0VTU0lPTl9VUERBVEVfRkFMR3NxAH4AA3cIAAABclUi55Z4eHg=', '2020-05-27 02:57:30', NULL, NULL);
INSERT INTO `sessions` VALUES ('d3f86641-880d-4916-b5cb-0589ea6044b0', 'rO0ABXNyACpvcmcuYXBhY2hlLnNoaXJvLnNlc3Npb24ubWd0LlNpbXBsZVNlc3Npb26dHKG41YxibgMAAHhwdwIAm3QAJGQzZjg2NjQxLTg4MGQtNDkxNi1iNWNiLTA1ODllYTYwNDRiMHNyAA5qYXZhLnV0aWwuRGF0ZWhqgQFLWXQZAwAAeHB3CAAAAXJVG/Y1eHEAfgAEdwgAAAAAABt3QHNyABFqYXZhLnV0aWwuSGFzaE1hcAUH2sHDFmDRAwACRgAKbG9hZEZhY3RvckkACXRocmVzaG9sZHhwP0AAAAAAAAx3CAAAABAAAAABdAATU0VTU0lPTl9VUERBVEVfRkFMR3NxAH4AA3cIAAABclUb9jZ4eHg=', '2020-05-27 02:49:55', NULL, NULL);
INSERT INTO `sessions` VALUES ('d9c3cc79-1dfa-4856-89c6-4e64ade8913a', 'rO0ABXNyACpvcmcuYXBhY2hlLnNoaXJvLnNlc3Npb24ubWd0LlNpbXBsZVNlc3Npb26dHKG41YxibgMAAHhwdwIAm3QAJGQ5YzNjYzc5LTFkZmEtNDg1Ni04OWM2LTRlNjRhZGU4OTEzYXNyAA5qYXZhLnV0aWwuRGF0ZWhqgQFLWXQZAwAAeHB3CAAAAXJUY3XXeHEAfgAEdwgAAAAAABt3QHNyABFqYXZhLnV0aWwuSGFzaE1hcAUH2sHDFmDRAwACRgAKbG9hZEZhY3RvckkACXRocmVzaG9sZHhwP0AAAAAAAAx3CAAAABAAAAABdAATU0VTU0lPTl9VUERBVEVfRkFMR3NxAH4AA3cIAAABclRjddd4eHg=', '2020-05-26 23:28:24', NULL, NULL);
INSERT INTO `sessions` VALUES ('da141c1e-b206-4b95-9802-8925aba8d2a5', 'rO0ABXNyACpvcmcuYXBhY2hlLnNoaXJvLnNlc3Npb24ubWd0LlNpbXBsZVNlc3Npb26dHKG41YxibgMAAHhwdwIAm3QAJGRhMTQxYzFlLWIyMDYtNGI5NS05ODAyLTg5MjVhYmE4ZDJhNXNyAA5qYXZhLnV0aWwuRGF0ZWhqgQFLWXQZAwAAeHB3CAAAAXJU5OCGeHEAfgAEdwgAAAAAABt3QHNyABFqYXZhLnV0aWwuSGFzaE1hcAUH2sHDFmDRAwACRgAKbG9hZEZhY3RvckkACXRocmVzaG9sZHhwP0AAAAAAAAx3CAAAABAAAAABdAATU0VTU0lPTl9VUERBVEVfRkFMR3NxAH4AA3cIAAABclTk4IZ4eHg=', '2020-05-27 01:49:45', NULL, NULL);
INSERT INTO `sessions` VALUES ('db3ff04b-629c-4239-b4df-70f269ab8376', 'rO0ABXNyACpvcmcuYXBhY2hlLnNoaXJvLnNlc3Npb24ubWd0LlNpbXBsZVNlc3Npb26dHKG41YxibgMAAHhwdwIAm3QAJGRiM2ZmMDRiLTYyOWMtNDIzOS1iNGRmLTcwZjI2OWFiODM3NnNyAA5qYXZhLnV0aWwuRGF0ZWhqgQFLWXQZAwAAeHB3CAAAAXJVJ9LQeHEAfgAEdwgAAAAAABt3QHNyABFqYXZhLnV0aWwuSGFzaE1hcAUH2sHDFmDRAwACRgAKbG9hZEZhY3RvckkACXRocmVzaG9sZHhwP0AAAAAAAAx3CAAAABAAAAABdAATU0VTU0lPTl9VUERBVEVfRkFMR3NxAH4AA3cIAAABclUn0tB4eHg=', '2020-05-27 03:02:53', NULL, NULL);
INSERT INTO `sessions` VALUES ('dc8f1331-1d61-4bf8-bed1-0bcf7464fc41', 'rO0ABXNyACpvcmcuYXBhY2hlLnNoaXJvLnNlc3Npb24ubWd0LlNpbXBsZVNlc3Npb26dHKG41YxibgMAAHhwdwIA23QAJGRjOGYxMzMxLTFkNjEtNGJmOC1iZWQxLTBiY2Y3NDY0ZmM0MXNyAA5qYXZhLnV0aWwuRGF0ZWhqgQFLWXQZAwAAeHB3CAAAAXJW+0XAeHEAfgAEdxkAAAAAABt3QAAPMDowOjA6MDowOjA6MDoxc3IAEWphdmEudXRpbC5IYXNoTWFwBQfawcMWYNEDAAJGAApsb2FkRmFjdG9ySQAJdGhyZXNob2xkeHA/QAAAAAAADHcIAAAAEAAAAAF0ABNTRVNTSU9OX1VQREFURV9GQUxHc3EAfgADdwgAAAFyVvtFwXh4eA==', '2020-05-27 11:33:27', NULL, NULL);
INSERT INTO `sessions` VALUES ('dd759783-85e0-4e88-85d6-5e19213d631f', 'rO0ABXNyACpvcmcuYXBhY2hlLnNoaXJvLnNlc3Npb24ubWd0LlNpbXBsZVNlc3Npb26dHKG41YxibgMAAHhwdwIA23QAJGRkNzU5NzgzLTg1ZTAtNGU4OC04NWQ2LTVlMTkyMTNkNjMxZnNyAA5qYXZhLnV0aWwuRGF0ZWhqgQFLWXQZAwAAeHB3CAAAAXJW1rzGeHEAfgAEdxkAAAAAABt3QAAPMDowOjA6MDowOjA6MDoxc3IAEWphdmEudXRpbC5IYXNoTWFwBQfawcMWYNEDAAJGAApsb2FkRmFjdG9ySQAJdGhyZXNob2xkeHA/QAAAAAAADHcIAAAAEAAAAAF0ABNTRVNTSU9OX1VQREFURV9GQUxHc3EAfgADdwgAAAFyVta8xnh4eA==', '2020-05-27 10:53:33', NULL, NULL);
INSERT INTO `sessions` VALUES ('de45d2c6-28b2-494c-a2cd-bfde225be1b4', 'rO0ABXNyACpvcmcuYXBhY2hlLnNoaXJvLnNlc3Npb24ubWd0LlNpbXBsZVNlc3Npb26dHKG41YxibgMAAHhwdwIA23QAJGRlNDVkMmM2LTI4YjItNDk0Yy1hMmNkLWJmZGUyMjViZTFiNHNyAA5qYXZhLnV0aWwuRGF0ZWhqgQFLWXQZAwAAeHB3CAAAAXJXDpwGeHEAfgAEdxkAAAAAABt3QAAPMDowOjA6MDowOjA6MDoxc3IAEWphdmEudXRpbC5IYXNoTWFwBQfawcMWYNEDAAJGAApsb2FkRmFjdG9ySQAJdGhyZXNob2xkeHA/QAAAAAAADHcIAAAAEAAAAAF0ABNTRVNTSU9OX1VQREFURV9GQUxHc3EAfgADdwgAAAFyVw6cBnh4eA==', '2020-05-27 11:54:35', NULL, NULL);
INSERT INTO `sessions` VALUES ('de8efd3c-f73c-4ddd-9211-df44ad47d7fc', 'rO0ABXNyACpvcmcuYXBhY2hlLnNoaXJvLnNlc3Npb24ubWd0LlNpbXBsZVNlc3Npb26dHKG41YxibgMAAHhwdwIAm3QAJGRlOGVmZDNjLWY3M2MtNGRkZC05MjExLWRmNDRhZDQ3ZDdmY3NyAA5qYXZhLnV0aWwuRGF0ZWhqgQFLWXQZAwAAeHB3CAAAAXJecxaLeHEAfgAEdwgAAAAAABt3QHNyABFqYXZhLnV0aWwuSGFzaE1hcAUH2sHDFmDRAwACRgAKbG9hZEZhY3RvckkACXRocmVzaG9sZHhwP0AAAAAAAAx3CAAAABAAAAABdAATU0VTU0lPTl9VUERBVEVfRkFMR3NxAH4AA3cIAAABcl5zFot4eHg=', '2020-05-29 03:21:40', NULL, NULL);
INSERT INTO `sessions` VALUES ('e03c0ae0-7f95-4cf3-a44c-7fed376ebde7', 'rO0ABXNyACpvcmcuYXBhY2hlLnNoaXJvLnNlc3Npb24ubWd0LlNpbXBsZVNlc3Npb26dHKG41YxibgMAAHhwdwIA23QAJGUwM2MwYWUwLTdmOTUtNGNmMy1hNDRjLTdmZWQzNzZlYmRlN3NyAA5qYXZhLnV0aWwuRGF0ZWhqgQFLWXQZAwAAeHB3CAAAAXJW1rzGeHEAfgAEdxkAAAAAABt3QAAPMDowOjA6MDowOjA6MDoxc3IAEWphdmEudXRpbC5IYXNoTWFwBQfawcMWYNEDAAJGAApsb2FkRmFjdG9ySQAJdGhyZXNob2xkeHA/QAAAAAAADHcIAAAAEAAAAAF0ABNTRVNTSU9OX1VQREFURV9GQUxHc3EAfgADdwgAAAFyVta8xnh4eA==', '2020-05-27 10:53:33', NULL, NULL);
INSERT INTO `sessions` VALUES ('e0e392ac-e669-4af7-bb85-34da9cda14a8', 'rO0ABXNyACpvcmcuYXBhY2hlLnNoaXJvLnNlc3Npb24ubWd0LlNpbXBsZVNlc3Npb26dHKG41YxibgMAAHhwdwIAm3QAJGUwZTM5MmFjLWU2NjktNGFmNy1iYjg1LTM0ZGE5Y2RhMTRhOHNyAA5qYXZhLnV0aWwuRGF0ZWhqgQFLWXQZAwAAeHB3CAAAAXJZ5WGPeHEAfgAEdwgAAAAAABt3QHNyABFqYXZhLnV0aWwuSGFzaE1hcAUH2sHDFmDRAwACRgAKbG9hZEZhY3RvckkACXRocmVzaG9sZHhwP0AAAAAAAAx3CAAAABAAAAABdAATU0VTU0lPTl9VUERBVEVfRkFMR3NxAH4AA3cIAAABclnlYY94eHg=', '2020-05-28 01:08:24', NULL, NULL);
INSERT INTO `sessions` VALUES ('e15a5c3f-e20b-494e-9ca2-f90ce695930a', 'rO0ABXNyACpvcmcuYXBhY2hlLnNoaXJvLnNlc3Npb24ubWd0LlNpbXBsZVNlc3Npb26dHKG41YxibgMAAHhwdwIAm3QAJGUxNWE1YzNmLWUyMGItNDk0ZS05Y2EyLWY5MGNlNjk1OTMwYXNyAA5qYXZhLnV0aWwuRGF0ZWhqgQFLWXQZAwAAeHB3CAAAAXJUPyrHeHEAfgAEdwgAAAAAABt3QHNyABFqYXZhLnV0aWwuSGFzaE1hcAUH2sHDFmDRAwACRgAKbG9hZEZhY3RvckkACXRocmVzaG9sZHhwP0AAAAAAAAx3CAAAABAAAAABdAATU0VTU0lPTl9VUERBVEVfRkFMR3NyAA5qYXZhLmxhbmcuTG9uZzuL5JDMjyPfAgABSgAFdmFsdWV4cgAQamF2YS5sYW5nLk51bWJlcoaslR0LlOCLAgAAeHAAAAFyVD8qx3h4', '2020-05-26 22:48:45', NULL, NULL);
INSERT INTO `sessions` VALUES ('e16297dc-f4ae-4595-bc67-d5cad0efa351', 'rO0ABXNyACpvcmcuYXBhY2hlLnNoaXJvLnNlc3Npb24ubWd0LlNpbXBsZVNlc3Npb26dHKG41YxibgMAAHhwdwIA23QAJGUxNjI5N2RjLWY0YWUtNDU5NS1iYzY3LWQ1Y2FkMGVmYTM1MXNyAA5qYXZhLnV0aWwuRGF0ZWhqgQFLWXQZAwAAeHB3CAAAAXJUTsNheHEAfgAEdxkAAAAAABt3QAAPMDowOjA6MDowOjA6MDoxc3IAEWphdmEudXRpbC5IYXNoTWFwBQfawcMWYNEDAAJGAApsb2FkRmFjdG9ySQAJdGhyZXNob2xkeHA/QAAAAAAADHcIAAAAEAAAAAF0ABNTRVNTSU9OX1VQREFURV9GQUxHc3EAfgADdwgAAAFyVE7DYXh4eA==', '2020-05-26 23:05:47', NULL, NULL);
INSERT INTO `sessions` VALUES ('e34aa349-0f15-42d6-8d8d-dd83450b3fe8', 'rO0ABXNyACpvcmcuYXBhY2hlLnNoaXJvLnNlc3Npb24ubWd0LlNpbXBsZVNlc3Npb26dHKG41YxibgMAAHhwdwIAm3QAJGUzNGFhMzQ5LTBmMTUtNDJkNi04ZDhkLWRkODM0NTBiM2ZlOHNyAA5qYXZhLnV0aWwuRGF0ZWhqgQFLWXQZAwAAeHB3CAAAAXJVLD+6eHEAfgAEdwgAAAAAABt3QHNyABFqYXZhLnV0aWwuSGFzaE1hcAUH2sHDFmDRAwACRgAKbG9hZEZhY3RvckkACXRocmVzaG9sZHhwP0AAAAAAAAx3CAAAABAAAAABdAATU0VTU0lPTl9VUERBVEVfRkFMR3NxAH4AA3cIAAABclUsP7p4eHg=', '2020-05-27 03:07:43', NULL, NULL);
INSERT INTO `sessions` VALUES ('e4e00559-2500-4a84-97d4-508dc28e2d9a', 'rO0ABXNyACpvcmcuYXBhY2hlLnNoaXJvLnNlc3Npb24ubWd0LlNpbXBsZVNlc3Npb26dHKG41YxibgMAAHhwdwIAm3QAJGU0ZTAwNTU5LTI1MDAtNGE4NC05N2Q0LTUwOGRjMjhlMmQ5YXNyAA5qYXZhLnV0aWwuRGF0ZWhqgQFLWXQZAwAAeHB3CAAAAXJVKc70eHEAfgAEdwgAAAAAABt3QHNyABFqYXZhLnV0aWwuSGFzaE1hcAUH2sHDFmDRAwACRgAKbG9hZEZhY3RvckkACXRocmVzaG9sZHhwP0AAAAAAAAx3CAAAABAAAAABdAATU0VTU0lPTl9VUERBVEVfRkFMR3NxAH4AA3cIAAABclUpzvV4eHg=', '2020-05-27 03:05:03', NULL, NULL);
INSERT INTO `sessions` VALUES ('e4f5ce85-9aa5-4006-a95c-2c3a65710d8e', 'rO0ABXNyACpvcmcuYXBhY2hlLnNoaXJvLnNlc3Npb24ubWd0LlNpbXBsZVNlc3Npb26dHKG41YxibgMAAHhwdwIAm3QAJGU0ZjVjZTg1LTlhYTUtNDAwNi1hOTVjLTJjM2E2NTcxMGQ4ZXNyAA5qYXZhLnV0aWwuRGF0ZWhqgQFLWXQZAwAAeHB3CAAAAXJZxF6XeHEAfgAEdwgAAAAAABt3QHNyABFqYXZhLnV0aWwuSGFzaE1hcAUH2sHDFmDRAwACRgAKbG9hZEZhY3RvckkACXRocmVzaG9sZHhwP0AAAAAAAAx3CAAAABAAAAABdAATU0VTU0lPTl9VUERBVEVfRkFMR3NxAH4AA3cIAAABclnEXpd4eHg=', '2020-05-28 00:32:21', NULL, NULL);
INSERT INTO `sessions` VALUES ('e57c3601-a07e-49b2-b148-3f5c4b0ea87c', 'rO0ABXNyACpvcmcuYXBhY2hlLnNoaXJvLnNlc3Npb24ubWd0LlNpbXBsZVNlc3Npb26dHKG41YxibgMAAHhwdwIA23QAJGU1N2MzNjAxLWEwN2UtNDliMi1iMTQ4LTNmNWM0YjBlYTg3Y3NyAA5qYXZhLnV0aWwuRGF0ZWhqgQFLWXQZAwAAeHB3CAAAAXJatiP5eHEAfgAEdxkAAAAAABt3QAAPMDowOjA6MDowOjA6MDoxc3IAEWphdmEudXRpbC5IYXNoTWFwBQfawcMWYNEDAAJGAApsb2FkRmFjdG9ySQAJdGhyZXNob2xkeHA/QAAAAAAADHcIAAAAEAAAAAF0ABNTRVNTSU9OX1VQREFURV9GQUxHc3EAfgADdwgAAAFyWrYj+Xh4eA==', '2020-05-28 04:56:26', NULL, NULL);
INSERT INTO `sessions` VALUES ('e7b5e76d-48c2-4376-a764-265b06ee3eef', 'rO0ABXNyACpvcmcuYXBhY2hlLnNoaXJvLnNlc3Npb24ubWd0LlNpbXBsZVNlc3Npb26dHKG41YxibgMAAHhwdwIA23QAJGU3YjVlNzZkLTQ4YzItNDM3Ni1hNzY0LTI2NWIwNmVlM2VlZnNyAA5qYXZhLnV0aWwuRGF0ZWhqgQFLWXQZAwAAeHB3CAAAAXJUbNsIeHEAfgAEdxkAAAAAABt3QAAPMDowOjA6MDowOjA6MDoxc3IAEWphdmEudXRpbC5IYXNoTWFwBQfawcMWYNEDAAJGAApsb2FkRmFjdG9ySQAJdGhyZXNob2xkeHA/QAAAAAAADHcIAAAAEAAAAAF0ABNTRVNTSU9OX1VQREFURV9GQUxHc3EAfgADdwgAAAFyVGzbCHh4eA==', '2020-05-26 23:38:40', NULL, NULL);
INSERT INTO `sessions` VALUES ('e7d4b6b4-44d1-4985-b47d-a5b80a8349a4', 'rO0ABXNyACpvcmcuYXBhY2hlLnNoaXJvLnNlc3Npb24ubWd0LlNpbXBsZVNlc3Npb26dHKG41YxibgMAAHhwdwIAm3QAJGU3ZDRiNmI0LTQ0ZDEtNDk4NS1iNDdkLWE1YjgwYTgzNDlhNHNyAA5qYXZhLnV0aWwuRGF0ZWhqgQFLWXQZAwAAeHB3CAAAAXJU6KgmeHEAfgAEdwgAAAAAABt3QHNyABFqYXZhLnV0aWwuSGFzaE1hcAUH2sHDFmDRAwACRgAKbG9hZEZhY3RvckkACXRocmVzaG9sZHhwP0AAAAAAAAx3CAAAABAAAAABdAATU0VTU0lPTl9VUERBVEVfRkFMR3NxAH4AA3cIAAABclToqCZ4eHg=', '2020-05-27 01:53:53', NULL, NULL);
INSERT INTO `sessions` VALUES ('e8ab5a74-addf-4b12-9087-6fb2b38b36b9', 'rO0ABXNyACpvcmcuYXBhY2hlLnNoaXJvLnNlc3Npb24ubWd0LlNpbXBsZVNlc3Npb26dHKG41YxibgMAAHhwdwIAm3QAJGU4YWI1YTc0LWFkZGYtNGIxMi05MDg3LTZmYjJiMzhiMzZiOXNyAA5qYXZhLnV0aWwuRGF0ZWhqgQFLWXQZAwAAeHB3CAAAAXJUSGoBeHEAfgAEdwgAAAAAABt3QHNyABFqYXZhLnV0aWwuSGFzaE1hcAUH2sHDFmDRAwACRgAKbG9hZEZhY3RvckkACXRocmVzaG9sZHhwP0AAAAAAAAx3CAAAABAAAAABdAATU0VTU0lPTl9VUERBVEVfRkFMR3NxAH4AA3cIAAABclRIagF4eHg=', '2020-05-26 22:58:51', NULL, NULL);
INSERT INTO `sessions` VALUES ('e90f3e9e-52a5-488b-9b08-2dd1545b2491', 'rO0ABXNyACpvcmcuYXBhY2hlLnNoaXJvLnNlc3Npb24ubWd0LlNpbXBsZVNlc3Npb26dHKG41YxibgMAAHhwdwIAm3QAJGU5MGYzZTllLTUyYTUtNDg4Yi05YjA4LTJkZDE1NDViMjQ5MXNyAA5qYXZhLnV0aWwuRGF0ZWhqgQFLWXQZAwAAeHB3CAAAAXJZm2DVeHEAfgAEdwgAAAAAABt3QHNyABFqYXZhLnV0aWwuSGFzaE1hcAUH2sHDFmDRAwACRgAKbG9hZEZhY3RvckkACXRocmVzaG9sZHhwP0AAAAAAAAx3CAAAABAAAAABdAATU0VTU0lPTl9VUERBVEVfRkFMR3NxAH4AA3cIAAABclmbYNV4eHg=', '2020-05-27 23:47:35', NULL, NULL);
INSERT INTO `sessions` VALUES ('e9e23957-402a-405a-87fb-df3f2ccc5e18', 'rO0ABXNyACpvcmcuYXBhY2hlLnNoaXJvLnNlc3Npb24ubWd0LlNpbXBsZVNlc3Npb26dHKG41YxibgMAAHhwdwIA23QAJGU5ZTIzOTU3LTQwMmEtNDA1YS04N2ZiLWRmM2YyY2NjNWUxOHNyAA5qYXZhLnV0aWwuRGF0ZWhqgQFLWXQZAwAAeHB3CAAAAXJW1rzGeHEAfgAEdxkAAAAAABt3QAAPMDowOjA6MDowOjA6MDoxc3IAEWphdmEudXRpbC5IYXNoTWFwBQfawcMWYNEDAAJGAApsb2FkRmFjdG9ySQAJdGhyZXNob2xkeHA/QAAAAAAADHcIAAAAEAAAAAF0ABNTRVNTSU9OX1VQREFURV9GQUxHc3EAfgADdwgAAAFyVta8xnh4eA==', '2020-05-27 10:53:33', NULL, NULL);
INSERT INTO `sessions` VALUES ('ea8e1b2a-952e-4c6a-8421-21c7863e40c9', 'rO0ABXNyACpvcmcuYXBhY2hlLnNoaXJvLnNlc3Npb24ubWd0LlNpbXBsZVNlc3Npb26dHKG41YxibgMAAHhwdwIAm3QAJGVhOGUxYjJhLTk1MmUtNGM2YS04NDIxLTIxYzc4NjNlNDBjOXNyAA5qYXZhLnV0aWwuRGF0ZWhqgQFLWXQZAwAAeHB3CAAAAXJULWfOeHEAfgAEdwgAAAAAABt3QHNyABFqYXZhLnV0aWwuSGFzaE1hcAUH2sHDFmDRAwACRgAKbG9hZEZhY3RvckkACXRocmVzaG9sZHhwP0AAAAAAAAx3CAAAABAAAAABdAATU0VTU0lPTl9VUERBVEVfRkFMR3NyAA5qYXZhLmxhbmcuTG9uZzuL5JDMjyPfAgABSgAFdmFsdWV4cgAQamF2YS5sYW5nLk51bWJlcoaslR0LlOCLAgAAeHAAAAFyVC1nz3h4', '2020-05-26 22:29:21', NULL, NULL);
INSERT INTO `sessions` VALUES ('eb61c7b9-17cf-419a-aac2-465110706763', 'rO0ABXNyACpvcmcuYXBhY2hlLnNoaXJvLnNlc3Npb24ubWd0LlNpbXBsZVNlc3Npb26dHKG41YxibgMAAHhwdwIA23QAJGViNjFjN2I5LTE3Y2YtNDE5YS1hYWMyLTQ2NTExMDcwNjc2M3NyAA5qYXZhLnV0aWwuRGF0ZWhqgQFLWXQZAwAAeHB3CAAAAXJaZ0hdeHEAfgAEdxkAAAAAABt3QAAPMDowOjA6MDowOjA6MDoxc3IAEWphdmEudXRpbC5IYXNoTWFwBQfawcMWYNEDAAJGAApsb2FkRmFjdG9ySQAJdGhyZXNob2xkeHA/QAAAAAAADHcIAAAAEAAAAAF0ABNTRVNTSU9OX1VQREFURV9GQUxHc3EAfgADdwgAAAFyWmdIXnh4eA==', '2020-05-28 03:30:18', NULL, NULL);
INSERT INTO `sessions` VALUES ('f04e534e-2b34-4967-8665-65e7262fd1af', 'rO0ABXNyACpvcmcuYXBhY2hlLnNoaXJvLnNlc3Npb24ubWd0LlNpbXBsZVNlc3Npb26dHKG41YxibgMAAHhwdwIAm3QAJGYwNGU1MzRlLTJiMzQtNDk2Ny04NjY1LTY1ZTcyNjJmZDFhZnNyAA5qYXZhLnV0aWwuRGF0ZWhqgQFLWXQZAwAAeHB3CAAAAXJZfowFeHEAfgAEdwgAAAAAABt3QHNyABFqYXZhLnV0aWwuSGFzaE1hcAUH2sHDFmDRAwACRgAKbG9hZEZhY3RvckkACXRocmVzaG9sZHhwP0AAAAAAAAx3CAAAABAAAAABdAATU0VTU0lPTl9VUERBVEVfRkFMR3NxAH4AA3cIAAABcll+jAV4eHg=', '2020-05-27 23:16:05', NULL, NULL);
INSERT INTO `sessions` VALUES ('f24b5f1a-e3a8-4e75-920f-934f0f051f9b', 'rO0ABXNyACpvcmcuYXBhY2hlLnNoaXJvLnNlc3Npb24ubWd0LlNpbXBsZVNlc3Npb26dHKG41YxibgMAAHhwdwIAm3QAJGYyNGI1ZjFhLWUzYTgtNGU3NS05MjBmLTkzNGYwZjA1MWY5YnNyAA5qYXZhLnV0aWwuRGF0ZWhqgQFLWXQZAwAAeHB3CAAAAXJVJ9LUeHEAfgAEdwgAAAAAABt3QHNyABFqYXZhLnV0aWwuSGFzaE1hcAUH2sHDFmDRAwACRgAKbG9hZEZhY3RvckkACXRocmVzaG9sZHhwP0AAAAAAAAx3CAAAABAAAAABdAATU0VTU0lPTl9VUERBVEVfRkFMR3NxAH4AA3cIAAABclUn0tV4eHg=', '2020-05-27 03:02:53', NULL, NULL);
INSERT INTO `sessions` VALUES ('f25d1e6c-fd35-4fe8-91e0-f5b40c63b0a1', 'rO0ABXNyACpvcmcuYXBhY2hlLnNoaXJvLnNlc3Npb24ubWd0LlNpbXBsZVNlc3Npb26dHKG41YxibgMAAHhwdwIAm3QAJGYyNWQxZTZjLWZkMzUtNGZlOC05MWUwLWY1YjQwYzYzYjBhMXNyAA5qYXZhLnV0aWwuRGF0ZWhqgQFLWXQZAwAAeHB3CAAAAXJZcm3jeHEAfgAEdwgAAAAAABt3QHNyABFqYXZhLnV0aWwuSGFzaE1hcAUH2sHDFmDRAwACRgAKbG9hZEZhY3RvckkACXRocmVzaG9sZHhwP0AAAAAAAAx3CAAAABAAAAABdAATU0VTU0lPTl9VUERBVEVfRkFMR3NxAH4AA3cIAAABcllybeR4eHg=', '2020-05-27 23:02:51', NULL, NULL);
INSERT INTO `sessions` VALUES ('f374cc4d-e359-463c-9c93-e31946afe977', 'rO0ABXNyACpvcmcuYXBhY2hlLnNoaXJvLnNlc3Npb24ubWd0LlNpbXBsZVNlc3Npb26dHKG41YxibgMAAHhwdwIAm3QAJGYzNzRjYzRkLWUzNTktNDYzYy05YzkzLWUzMTk0NmFmZTk3N3NyAA5qYXZhLnV0aWwuRGF0ZWhqgQFLWXQZAwAAeHB3CAAAAXJZ8aUheHEAfgAEdwgAAAAAABt3QHNyABFqYXZhLnV0aWwuSGFzaE1hcAUH2sHDFmDRAwACRgAKbG9hZEZhY3RvckkACXRocmVzaG9sZHhwP0AAAAAAAAx3CAAAABAAAAABdAATU0VTU0lPTl9VUERBVEVfRkFMR3NxAH4AA3cIAAABclnxpSF4eHg=', '2020-05-28 01:21:48', NULL, NULL);
INSERT INTO `sessions` VALUES ('f540c634-8798-487d-be58-bef295a56e32', 'rO0ABXNyACpvcmcuYXBhY2hlLnNoaXJvLnNlc3Npb24ubWd0LlNpbXBsZVNlc3Npb26dHKG41YxibgMAAHhwdwIAm3QAJGY1NDBjNjM0LTg3OTgtNDg3ZC1iZTU4LWJlZjI5NWE1NmUzMnNyAA5qYXZhLnV0aWwuRGF0ZWhqgQFLWXQZAwAAeHB3CAAAAXJU3MuveHEAfgAEdwgAAAAAABt3QHNyABFqYXZhLnV0aWwuSGFzaE1hcAUH2sHDFmDRAwACRgAKbG9hZEZhY3RvckkACXRocmVzaG9sZHhwP0AAAAAAAAx3CAAAABAAAAABdAATU0VTU0lPTl9VUERBVEVfRkFMR3NxAH4AA3cIAAABclTcy694eHg=', '2020-05-27 01:40:56', NULL, NULL);
INSERT INTO `sessions` VALUES ('f5c14ac7-dda3-4392-bb2b-e61ce9b72c43', 'rO0ABXNyACpvcmcuYXBhY2hlLnNoaXJvLnNlc3Npb24ubWd0LlNpbXBsZVNlc3Npb26dHKG41YxibgMAAHhwdwIAm3QAJGY1YzE0YWM3LWRkYTMtNDM5Mi1iYjJiLWU2MWNlOWI3MmM0M3NyAA5qYXZhLnV0aWwuRGF0ZWhqgQFLWXQZAwAAeHB3CAAAAXJZ8UuyeHEAfgAEdwgAAAAAABt3QHNyABFqYXZhLnV0aWwuSGFzaE1hcAUH2sHDFmDRAwACRgAKbG9hZEZhY3RvckkACXRocmVzaG9sZHhwP0AAAAAAAAx3CAAAABAAAAABdAATU0VTU0lPTl9VUERBVEVfRkFMR3NxAH4AA3cIAAABclnxS7J4eHg=', '2020-05-28 01:21:25', NULL, NULL);
INSERT INTO `sessions` VALUES ('f60166e5-7363-4a52-aea9-d30339f0896a', 'rO0ABXNyACpvcmcuYXBhY2hlLnNoaXJvLnNlc3Npb24ubWd0LlNpbXBsZVNlc3Npb26dHKG41YxibgMAAHhwdwIAm3QAJGY2MDE2NmU1LTczNjMtNGE1Mi1hZWE5LWQzMDMzOWYwODk2YXNyAA5qYXZhLnV0aWwuRGF0ZWhqgQFLWXQZAwAAeHB3CAAAAXJVJ9LWeHEAfgAEdwgAAAAAABt3QHNyABFqYXZhLnV0aWwuSGFzaE1hcAUH2sHDFmDRAwACRgAKbG9hZEZhY3RvckkACXRocmVzaG9sZHhwP0AAAAAAAAx3CAAAABAAAAABdAATU0VTU0lPTl9VUERBVEVfRkFMR3NxAH4AA3cIAAABclUn0tZ4eHg=', '2020-05-27 03:02:53', NULL, NULL);
INSERT INTO `sessions` VALUES ('fb38315d-ab0b-4e71-8a0b-7cdffbbd0318', 'rO0ABXNyACpvcmcuYXBhY2hlLnNoaXJvLnNlc3Npb24ubWd0LlNpbXBsZVNlc3Npb26dHKG41YxibgMAAHhwdwIAm3QAJGZiMzgzMTVkLWFiMGItNGU3MS04YTBiLTdjZGZmYmJkMDMxOHNyAA5qYXZhLnV0aWwuRGF0ZWhqgQFLWXQZAwAAeHB3CAAAAXJUQ4+/eHEAfgAEdwgAAAAAABt3QHNyABFqYXZhLnV0aWwuSGFzaE1hcAUH2sHDFmDRAwACRgAKbG9hZEZhY3RvckkACXRocmVzaG9sZHhwP0AAAAAAAAx3CAAAABAAAAABdAATU0VTU0lPTl9VUERBVEVfRkFMR3NxAH4AA3cIAAABclRDj8B4eHg=', '2020-05-26 22:53:33', NULL, NULL);
INSERT INTO `sessions` VALUES ('fb41e58b-9ad3-41fa-92d8-6faf8291bc4f', 'rO0ABXNyACpvcmcuYXBhY2hlLnNoaXJvLnNlc3Npb24ubWd0LlNpbXBsZVNlc3Npb26dHKG41YxibgMAAHhwdwIAm3QAJGZiNDFlNThiLTlhZDMtNDFmYS05MmQ4LTZmYWY4MjkxYmM0ZnNyAA5qYXZhLnV0aWwuRGF0ZWhqgQFLWXQZAwAAeHB3CAAAAXJUbx4XeHEAfgAEdwgAAAAAABt3QHNyABFqYXZhLnV0aWwuSGFzaE1hcAUH2sHDFmDRAwACRgAKbG9hZEZhY3RvckkACXRocmVzaG9sZHhwP0AAAAAAAAx3CAAAABAAAAABdAATU0VTU0lPTl9VUERBVEVfRkFMR3NxAH4AA3cIAAABclRvHhd4eHg=', '2020-05-26 23:41:08', NULL, NULL);
INSERT INTO `sessions` VALUES ('fc87b0a4-cfb1-4d90-8be6-1683b7c343e4', 'rO0ABXNyACpvcmcuYXBhY2hlLnNoaXJvLnNlc3Npb24ubWd0LlNpbXBsZVNlc3Npb26dHKG41YxibgMAAHhwdwIA23QAJGZjODdiMGE0LWNmYjEtNGQ5MC04YmU2LTE2ODNiN2MzNDNlNHNyAA5qYXZhLnV0aWwuRGF0ZWhqgQFLWXQZAwAAeHB3CAAAAXJZ5+MheHEAfgAEdxkAAAAAABt3QAAPMDowOjA6MDowOjA6MDoxc3IAEWphdmEudXRpbC5IYXNoTWFwBQfawcMWYNEDAAJGAApsb2FkRmFjdG9ySQAJdGhyZXNob2xkeHA/QAAAAAAADHcIAAAAEAAAAAF0ABNTRVNTSU9OX1VQREFURV9GQUxHc3EAfgADdwgAAAFyWefjInh4eA==', '2020-05-28 01:11:09', NULL, NULL);
INSERT INTO `sessions` VALUES ('fda2bc3f-57e7-4d74-a6ae-11c8b15dc414', 'rO0ABXNyACpvcmcuYXBhY2hlLnNoaXJvLnNlc3Npb24ubWd0LlNpbXBsZVNlc3Npb26dHKG41YxibgMAAHhwdwIAm3QAJGZkYTJiYzNmLTU3ZTctNGQ3NC1hNmFlLTExYzhiMTVkYzQxNHNyAA5qYXZhLnV0aWwuRGF0ZWhqgQFLWXQZAwAAeHB3CAAAAXJULa4QeHEAfgAEdwgAAAAAABt3QHNyABFqYXZhLnV0aWwuSGFzaE1hcAUH2sHDFmDRAwACRgAKbG9hZEZhY3RvckkACXRocmVzaG9sZHhwP0AAAAAAAAx3CAAAABAAAAABdAATU0VTU0lPTl9VUERBVEVfRkFMR3NyAA5qYXZhLmxhbmcuTG9uZzuL5JDMjyPfAgABSgAFdmFsdWV4cgAQamF2YS5sYW5nLk51bWJlcoaslR0LlOCLAgAAeHAAAAFyVC2uEXh4', '2020-05-26 22:29:39', NULL, NULL);
INSERT INTO `sessions` VALUES ('fe1295f9-24ec-4aee-b8a6-056150d4b984', 'rO0ABXNyACpvcmcuYXBhY2hlLnNoaXJvLnNlc3Npb24ubWd0LlNpbXBsZVNlc3Npb26dHKG41YxibgMAAHhwdwIAm3QAJGZlMTI5NWY5LTI0ZWMtNGFlZS1iOGE2LTA1NjE1MGQ0Yjk4NHNyAA5qYXZhLnV0aWwuRGF0ZWhqgQFLWXQZAwAAeHB3CAAAAXJUR3+XeHEAfgAEdwgAAAAAABt3QHNyABFqYXZhLnV0aWwuSGFzaE1hcAUH2sHDFmDRAwACRgAKbG9hZEZhY3RvckkACXRocmVzaG9sZHhwP0AAAAAAAAx3CAAAABAAAAABdAATU0VTU0lPTl9VUERBVEVfRkFMR3NxAH4AA3cIAAABclRHf5h4eHg=', '2020-05-26 22:57:51', NULL, NULL);
INSERT INTO `sessions` VALUES ('fe84ce96-1ce1-4fdd-886d-e4fcf343c361', 'rO0ABXNyACpvcmcuYXBhY2hlLnNoaXJvLnNlc3Npb24ubWd0LlNpbXBsZVNlc3Npb26dHKG41YxibgMAAHhwdwIAm3QAJGZlODRjZTk2LTFjZTEtNGZkZC04ODZkLWU0ZmNmMzQzYzM2MXNyAA5qYXZhLnV0aWwuRGF0ZWhqgQFLWXQZAwAAeHB3CAAAAXJU47XjeHEAfgAEdwgAAAAAABt3QHNyABFqYXZhLnV0aWwuSGFzaE1hcAUH2sHDFmDRAwACRgAKbG9hZEZhY3RvckkACXRocmVzaG9sZHhwP0AAAAAAAAx3CAAAABAAAAABdAATU0VTU0lPTl9VUERBVEVfRkFMR3NxAH4AA3cIAAABclTjteR4eHg=', '2020-05-27 01:48:29', NULL, NULL);
COMMIT;

-- ----------------------------
-- Table structure for user
-- ----------------------------
DROP TABLE IF EXISTS `user`;
CREATE TABLE `user` (
  `user_id` bigint unsigned NOT NULL AUTO_INCREMENT COMMENT '用户ID',
  `user_ip` varchar(20) CHARACTER SET utf8 COLLATE utf8_general_ci DEFAULT NULL COMMENT 'IP',
  `user_name` varchar(20) CHARACTER SET utf8 COLLATE utf8_general_ci NOT NULL COMMENT '用户名',
  `user_password` varchar(50) CHARACTER SET utf8 COLLATE utf8_general_ci NOT NULL COMMENT '密码',
  `user_email` varchar(50) CHARACTER SET utf8 COLLATE utf8_general_ci NOT NULL COMMENT '邮箱',
  `user_profile_pic` varchar(255) CHARACTER SET utf8 COLLATE utf8_general_ci DEFAULT NULL COMMENT '头像',
  `user_credit` int NOT NULL DEFAULT '0' COMMENT '积分',
  `user_rights` int NOT NULL COMMENT '权限',
  `user_register_time` datetime NOT NULL COMMENT '注册时间',
  `user_birthday` date DEFAULT NULL COMMENT '出生年月日',
  `user_age` int DEFAULT NULL COMMENT '年龄',
  `user_telephone_number` varchar(12) CHARACTER SET utf8 COLLATE utf8_general_ci DEFAULT NULL COMMENT '手机号码',
  `user_nickname` varchar(20) CHARACTER SET utf8 COLLATE utf8_general_ci DEFAULT NULL COMMENT '昵称',
  `user_last_login_time` datetime NOT NULL COMMENT '上一次登录时间',
  `account_status` int NOT NULL DEFAULT '4' COMMENT '账号状态',
  `salt` varchar(50) DEFAULT NULL COMMENT '盐值',
  `user_session` varchar(5000) CHARACTER SET utf8 COLLATE utf8_general_ci DEFAULT NULL,
  `user_config` varchar(255) DEFAULT NULL,
  `user_sex` varchar(10) DEFAULT 'm',
  `user_motto` varchar(255) DEFAULT NULL,
  `user_bg` varchar(255) DEFAULT NULL,
  `github_link` varchar(255) DEFAULT NULL,
  `weibo_link` varchar(255) DEFAULT NULL,
  `qq_link` varchar(255) DEFAULT NULL,
  `wechat_link` varchar(255) DEFAULT NULL,
  `email_link` varchar(255) DEFAULT NULL,
  `csdn_link` varchar(255) DEFAULT NULL,
  `other_link` varchar(255) DEFAULT NULL,
  PRIMARY KEY (`user_id`)
) ENGINE=InnoDB AUTO_INCREMENT=27 DEFAULT CHARSET=utf8;

-- ----------------------------
-- Records of user
-- ----------------------------
BEGIN;
INSERT INTO `user` VALUES (10, '0:0:0:0:0:0:0:1', '旺盛达', 'f744f12ed25a76c9e95535320841c168', '232120@qq.com', 'default.jpeg', 0, 3, '2020-03-30 15:53:44', '1994-03-20', 25, '1399999999', 'holny', '2020-04-28 08:00:18', 1, 'fbad875e3130412c818f53f91066c239', '77f9b33f-fd86-4f51-9907-211f6fb98fdc', NULL, 'm', NULL, NULL, NULL, NULL, NULL, NULL, NULL, NULL, NULL);
INSERT INTO `user` VALUES (11, '172.163.22.33', '根深蒂固', '107f884ff08a22bb2b9ff1ea0f6576d0', '64212@qq.cc', 'default.jpeg', 0, 3, '2020-04-03 10:42:47', '1994-04-03', 24, '13155555555', 'xbb', '2020-04-03 10:43:40', 1, '6159738494cf4a3eb35dd89100952379', NULL, NULL, 'm', NULL, NULL, NULL, NULL, NULL, NULL, NULL, NULL, NULL);
INSERT INTO `user` VALUES (12, '0:0:0:0:0:0:0:1', '嘎洒格为', 'ad652d96731dbf599c38c13ef2b0b1a0', '123456@qq.com', '12_1590750422499_226.png', 0, 1, '2020-04-03 13:50:13', '2005-06-08', 7, '13555555555', '安达市大', '2020-05-29 11:19:24', 1, '97301ac6c4394c048670f96fa983631c', '63a2870d-6c56-4c10-8523-0978d75d351e', NULL, 'm', '', '', 'https://www.qq.com/', 'https://www.qq.com/', NULL, 'https://www.qq.com/', NULL, NULL, 'https://www.qq.com/');
INSERT INTO `user` VALUES (15, '0:0:0:0:0:0:0:1', '网简历', '0b11934eebf95616c55a33b37eda1a25', '7654321@qq.com', 'default.jpeg', 0, 2, '2020-04-04 15:07:34', NULL, NULL, NULL, NULL, '2020-04-04 15:07:34', 4, 'ebf25ead0c4b4d10809698488d387a0f', NULL, NULL, 'm', NULL, NULL, NULL, NULL, NULL, NULL, NULL, NULL, NULL);
INSERT INTO `user` VALUES (16, '0:0:0:0:0:0:0:1', '阿达阿达.阿斯达', 'c0e80aea7065fa056faf409eca1742a0', '777666555@foxmail.com', 'default.jpeg', 0, 2, '2020-04-05 02:35:28', NULL, NULL, NULL, NULL, '2020-04-05 02:35:28', 4, 'f57a71a22ddf4b35a97ab557b7a9024e', NULL, NULL, 'm', NULL, NULL, NULL, NULL, NULL, NULL, NULL, NULL, NULL);
INSERT INTO `user` VALUES (17, '0:0:0:0:0:0:0:1', '网二想', 'c4c1d9fc363e9b8e53ea277fd1fb473b', '1234@qq.com', 'default.jpeg', 0, 4, '2020-04-11 04:50:37', NULL, NULL, NULL, NULL, '2020-04-11 04:50:37', 6, '1b2aad8cd6ca459ead27985af219e738', NULL, NULL, 'm', NULL, NULL, NULL, NULL, NULL, NULL, NULL, NULL, NULL);
INSERT INTO `user` VALUES (18, '0:0:0:0:0:0:0:1', '测试', 'a7e7501752ae5904fcdf46346dd62ea8', '12345@qq.com', 'default.jpeg', 0, 4, '2020-04-12 13:27:46', NULL, NULL, NULL, '测试', '2020-04-12 13:27:46', 6, '2dcd5601a58e48da95c327230a146ebb', NULL, NULL, 'm', NULL, NULL, NULL, NULL, NULL, NULL, NULL, NULL, NULL);
INSERT INTO `user` VALUES (19, '0:0:0:0:0:0:0:1', '测试', '71ddc7b79fda76bae8e364fa7f357a82', 'asdaw@qq.com', 'default.jpeg', 0, 3, '2020-04-25 15:39:49', NULL, NULL, NULL, NULL, '2020-04-25 15:39:49', 4, '95f68233f6044c13b47c45129a8dad27', NULL, NULL, NULL, NULL, NULL, NULL, NULL, NULL, NULL, NULL, NULL, NULL);
INSERT INTO `user` VALUES (20, '0:0:0:0:0:0:0:1', '网简历', '2eb449abba689c55028887c44408a051', '12345678@qq.cc', 'default.jpeg', 0, 3, '2020-04-25 15:42:05', NULL, NULL, NULL, NULL, '2020-04-25 15:42:05', 4, '44507a3cbfea4a81b91e260ed9d0494c', NULL, NULL, NULL, NULL, NULL, NULL, NULL, NULL, NULL, NULL, NULL, NULL);
INSERT INTO `user` VALUES (21, '0:0:0:0:0:0:0:1', '算法时给我', '465a48fe34150ab399690baed9a2368e', '12345@qq.com', 'default.jpeg', 0, 3, '2020-04-26 13:27:22', NULL, NULL, 'null', NULL, '2020-04-26 13:27:22', 6, '16ad1c8fd2e34c1b98637268cfb4840b', NULL, NULL, NULL, NULL, NULL, NULL, NULL, NULL, NULL, NULL, NULL, NULL);
INSERT INTO `user` VALUES (22, '0:0:0:0:0:0:0:1', '奥术大师', '582c5863307e71fdc94f2cd20080e2b1', '87asda7@qq.cc', 'default.jpeg', 0, 3, '2020-04-27 12:13:31', NULL, NULL, '', 'asdas', '2020-04-27 12:13:31', 4, 'fbfaa2990df3469184c7f5f6a51cd2ef', NULL, NULL, NULL, NULL, NULL, '', '', '', '', '', '', '');
INSERT INTO `user` VALUES (25, '0:0:0:0:0:0:0:1', '都挺好的', 'ec3973335332cde66064fb56730c0592', '4321@qq.cc', 'default.jpeg', 0, 3, '2020-05-27 06:31:11', NULL, NULL, '13333333333', '思安而已', '2020-05-28 04:56:38', 4, 'bfeda6f7ec5f47448ba3da41c8fe4606', 'e57c3601-a07e-49b2-b148-3f5c4b0ea87c', NULL, NULL, NULL, NULL, '', '', '', '', '', '', '');
INSERT INTO `user` VALUES (26, '0:0:0:0:0:0:0:1', '搭嘎事务', '7075752d679287494a0e0483ce426cae', '1234567@qq.com', 'default.jpeg', 0, 3, '2020-05-29 10:53:03', NULL, NULL, NULL, NULL, '2020-05-29 10:53:33', 4, '394a9bad75294937b48faebd2f26ea0e', '3b04adc0-9304-4d32-9ee2-345b9c54bbd6', NULL, NULL, NULL, NULL, NULL, NULL, NULL, NULL, NULL, NULL, NULL);
COMMIT;

SET FOREIGN_KEY_CHECKS = 1;
